is:open created:{{param|relative_date}},>1|today,3..1|last 3 days,7..4|last week,14..8|last 2 weeks,30..15|last month,<30|more than a month
2024-12-10,0,0,2,0,4,44
2024-12-09,0,0,2,0,4,44
2024-12-08,0,1,1,0,4,44
2024-12-07,0,2,1,0,4,44
2024-12-06,1,1,0,0,4,44
2024-12-05,1,1,0,0,4,44
2024-12-04,1,1,0,0,4,44
2024-12-03,2,0,0,1,2,44
2024-12-02,0,0,0,4,2,44
2024-12-01,0,0,0,4,2,44
2024-11-30,0,0,0,4,2,44
2024-11-29,0,0,0,4,0,44
2024-11-28,0,0,0,6,1,43
2024-11-27,0,0,0,4,1,43
2024-11-26,0,0,2,2,1,43
2024-11-25,0,0,4,2,1,43
2024-11-24,0,0,4,2,1,43
2024-11-23,0,0,2,2,1,43
2024-11-22,0,2,0,0,1,43
2024-11-21,0,4,2,0,1,43
2024-11-20,2,2,2,0,1,43
2024-11-19,2,0,2,0,1,43
2024-11-18,0,0,0,0,1,43
2024-11-17,0,2,0,0,1,43
2024-11-16,0,2,0,0,1,43
2024-11-15,2,0,0,0,1,43
2024-11-14,0,0,0,0,1,44
2024-11-13,1,0,0,0,0,44
2024-11-12,0,0,0,2,0,44
2024-11-11,0,0,0,3,0,44
2024-11-10,0,0,0,3,0,44
2024-11-09,0,0,0,3,0,44
2024-11-08,0,0,0,3,0,44
2024-11-07,0,0,0,3,0,44
2024-11-06,0,0,0,1,0,44
2024-11-05,1,0,2,0,1,44
2024-11-04,1,1,4,0,2,44
2024-11-03,1,0,4,0,2,44
2024-11-02,0,0,2,0,2,44
2024-11-01,0,2,0,0,2,44
2024-10-31,0,4,0,0,2,44
2024-10-30,2,2,0,0,2,44
2024-10-29,2,0,0,1,2,45
2024-10-28,0,0,0,1,2,45
2024-10-27,0,0,0,1,2,45
2024-10-26,0,0,0,1,2,45
2024-10-25,0,0,0,1,1,45
2024-10-24,0,0,0,1,0,45
2024-10-23,0,0,1,2,0,45
2024-10-22,0,0,1,2,0,45
2024-10-21,0,1,1,2,0,45
2024-10-20,1,0,0,2,0,45
2024-10-19,0,1,0,2,0,45
2024-10-18,0,1,0,1,0,45
2024-10-17,1,0,1,0,0,45
2024-10-16,1,0,2,0,0,45
2024-10-15,0,0,3,0,0,45
2024-10-14,0,0,3,0,1,45
2024-10-13,0,1,1,0,1,45
2024-10-12,0,3,0,0,0,45
2024-10-11,1,3,1,1,0,45
2024-10-10,2,1,0,1,0,45
2024-10-09,1,1,0,1,0,45
2024-10-08,0,1,0,1,0,45
2024-10-07,1,0,0,1,0,45
2024-10-06,0,0,0,1,0,45
2024-10-05,0,0,0,0,0,45
2024-10-04,0,0,1,0,0,45
2024-10-03,0,0,1,0,1,44
2024-10-02,0,0,1,0,1,44
2024-10-01,0,0,0,0,1,44
2024-09-30,0,1,0,0,1,44
2024-09-29,0,1,0,0,1,44
2024-09-28,1,0,0,0,1,44
2024-09-27,0,1,0,0,1,44
2024-09-26,0,1,0,0,1,44
2024-09-25,1,2,0,0,1,44
2024-09-24,2,0,0,0,1,44
2024-09-23,0,0,0,0,1,44
2024-09-22,0,0,0,0,2,43
2024-09-21,0,0,0,0,2,43
2024-09-20,0,0,0,0,2,43
2024-09-19,0,0,0,0,2,44
2024-09-18,0,0,0,0,1,44
2024-09-17,0,0,0,1,2,43
2024-09-16,0,0,0,1,2,43
2024-09-15,0,0,0,1,2,43
2024-09-14,0,0,0,1,2,43
2024-09-13,0,0,0,1,2,43
2024-09-12,0,0,0,1,2,43
2024-09-11,0,0,0,0,2,43
2024-09-10,0,0,1,0,2,43
2024-09-09,0,0,1,0,2,43
2024-09-08,0,0,1,0,2,43
2024-09-07,0,0,0,0,3,41
2024-09-06,0,1,0,1,3,41
2024-09-05,0,1,0,1,3,41
2024-09-04,2,0,0,2,3,41
2024-09-03,0,0,0,2,3,41
2024-09-02,0,0,0,2,2,41
2024-09-01,0,0,0,2,2,41
2024-08-31,0,0,1,1,2,41
2024-08-30,0,0,2,1,2,41
2024-08-29,0,0,2,1,2,41
2024-08-28,0,0,1,1,2,41
2024-08-27,0,1,1,1,2,41
2024-08-26,0,5,1,0,2,41
2024-08-25,2,3,2,0,2,41
2024-08-24,3,0,1,0,2,41
2024-08-23,1,1,1,0,0,41
2024-08-22,0,1,0,2,0,41
2024-08-21,1,1,0,2,0,41
2024-08-20,0,1,0,2,0,41
2024-08-19,1,0,0,2,0,41
2024-08-18,0,0,0,2,0,41
2024-08-17,0,0,0,2,0,41
2024-08-16,0,0,0,0,0,41
2024-08-15,0,0,2,0,0,41
2024-08-14,0,0,2,0,0,41
2024-08-13,0,0,2,0,0,41
2024-08-12,0,0,0,0,0,41
2024-08-11,0,2,0,0,0,41
2024-08-10,0,2,0,0,0,41
2024-08-09,2,0,0,0,0,41
2024-08-08,0,0,0,0,0,41
2024-08-07,0,0,1,0,0,41
2024-08-06,1,0,1,0,1,41
2024-08-05,0,2,0,0,1,41
2024-08-04,0,3,0,0,1,41
2024-08-03,2,1,0,0,1,41
2024-08-02,1,0,0,0,1,41
2024-08-01,0,0,0,0,1,41
2024-07-31,0,1,0,0,0,41
2024-07-30,1,0,0,1,0,41
2024-07-29,0,0,0,1,1,40
2024-07-28,0,0,0,1,1,40
2024-07-27,0,0,0,1,1,40
2024-07-26,0,0,0,1,1,40
2024-07-25,0,0,0,1,1,40
2024-07-24,0,0,0,0,1,40
2024-07-23,0,0,2,0,1,40
2024-07-22,0,0,2,0,1,40
2024-07-21,0,0,1,0,1,40
2024-07-20,0,1,0,0,1,40
2024-07-19,0,2,0,0,1,40
2024-07-18,2,1,0,0,2,39
2024-07-17,1,0,0,0,2,39
2024-07-16,0,0,0,0,2,39
2024-07-15,0,0,0,0,2,39
2024-07-14,0,0,0,0,1,39
2024-07-13,0,0,0,1,1,39
2024-07-12,0,0,0,1,1,39
2024-07-11,0,0,0,1,1,39
2024-07-10,0,0,0,1,2,38
2024-07-09,0,0,0,1,2,38
2024-07-08,0,0,0,1,2,38
2024-07-07,0,0,0,0,2,38
2024-07-06,0,0,1,0,3,37
2024-07-05,0,0,1,0,3,37
2024-07-04,0,0,1,0,4,36
2024-07-03,0,0,1,0,3,36
2024-07-02,0,1,1,1,3,36
2024-07-01,0,1,0,1,3,36
2024-06-30,1,2,0,1,3,36
2024-06-29,0,2,0,1,3,36
2024-06-28,2,0,0,1,3,36
2024-06-27,0,0,0,1,3,36
2024-06-26,0,0,0,0,3,36
2024-06-25,0,0,1,0,2,36
2024-06-24,0,0,1,1,2,36
2024-06-23,0,0,1,1,2,36
2024-06-22,0,0,0,1,2,36
2024-06-21,0,1,0,1,1,36
2024-06-20,0,1,0,2,1,36
2024-06-19,1,0,0,2,0,36
2024-06-18,0,0,1,2,0,36
2024-06-17,0,1,3,2,0,36
2024-06-16,1,0,1,2,0,36
2024-06-15,0,2,1,2,0,36
2024-06-14,0,2,0,1,0,36
2024-06-13,2,1,1,1,0,36
2024-06-12,1,1,1,0,0,36
2024-06-11,4,0,2,0,0,36
2024-06-10,0,3,1,0,0,36
2024-06-09,0,4,1,0,1,35
2024-06-08,3,1,0,0,1,35
2024-06-07,3,1,0,0,1,35
2024-06-06,0,1,0,0,1,35
2024-06-05,2,0,0,0,1,35
2024-06-04,0,0,0,0,1,35
2024-06-03,0,0,0,0,1,35
2024-06-02,1,1,0,0,1,35
2024-06-01,0,1,0,0,1,35
2024-05-31,1,0,0,0,1,35
2024-05-30,0,0,0,1,1,35
2024-05-29,0,0,0,0,1,35
2024-05-28,1,0,1,0,1,35
2024-05-27,0,0,1,0,1,35
2024-05-26,0,0,1,0,1,35
2024-05-25,0,0,0,0,0,35
2024-05-24,0,2,0,1,0,35
2024-05-23,0,2,0,1,0,35
2024-05-22,2,0,0,1,0,35
2024-05-21,1,0,0,1,0,35
2024-05-20,0,0,0,1,0,35
2024-05-19,0,0,0,1,0,35
2024-05-18,0,0,0,0,0,35
2024-05-17,0,0,1,0,0,35
2024-05-16,0,0,1,0,0,35
2024-05-15,1,0,1,0,0,35
2024-05-14,4,0,1,0,0,35
2024-05-13,0,1,1,1,0,35
2024-05-12,0,1,1,1,0,35
2024-05-11,1,0,0,1,0,35
2024-05-10,0,1,0,1,0,35
2024-05-09,0,1,0,1,0,35
2024-05-08,1,0,0,0,0,35
2024-05-07,0,0,1,0,0,35
2024-05-06,0,0,1,0,0,35
2024-05-05,0,0,1,0,0,35
2024-05-04,0,0,0,0,0,35
2024-05-03,0,1,0,0,0,35
2024-05-02,1,1,0,0,0,35
2024-05-01,1,0,0,0,0,35
2024-04-30,0,0,0,0,0,35
2024-04-29,0,0,0,0,0,35
2024-04-28,0,0,0,0,0,35
2024-04-27,0,0,0,0,0,35
2024-04-26,0,0,0,0,0,35
2024-04-25,0,0,0,0,0,35
2024-04-24,0,0,0,0,0,35
2024-04-23,0,0,0,0,0,35
2024-04-22,0,1,0,0,0,37
2024-04-21,0,1,0,0,0,37
2024-04-20,1,0,0,0,0,37
2024-04-19,2,1,0,0,0,45
2024-04-18,2,0,0,0,0,45
2024-04-17,2,0,0,0,1,48
2024-04-16,1,0,0,0,1,48
2024-04-15,1,0,0,0,0,48
2024-04-14,0,0,0,1,0,48
2024-04-13,0,0,0,1,0,48
2024-04-12,1,0,0,1,0,48
2024-04-11,2,0,0,1,1,49
2024-04-10,1,0,2,1,0,50
2024-04-09,2,0,3,2,0,51
2024-04-08,0,0,4,1,0,51
2024-04-07,0,0,2,1,0,51
2024-04-06,0,3,1,1,0,51
2024-04-05,0,6,1,1,0,51
2024-04-04,6,1,0,1,0,51
2024-04-03,2,1,0,0,0,51
2024-04-02,1,1,1,0,0,51
2024-04-01,1,0,3,0,0,51
2024-03-31,0,2,2,0,1,51
2024-03-30,0,3,1,0,2,50
2024-03-29,2,2,0,1,3,49
2024-03-28,1,2,0,0,3,49
2024-03-27,3,1,3,0,3,49
2024-03-26,2,0,3,0,2,49
2024-03-25,1,0,2,1,2,49
2024-03-24,0,1,0,1,2,49
2024-03-23,0,3,0,1,2,49
2024-03-22,1,2,0,1,2,49
2024-03-21,3,0,0,1,2,49
2024-03-20,0,0,0,1,2,49
2024-03-19,0,0,0,0,2,49
2024-03-18,0,0,1,0,2,49
2024-03-17,0,0,1,0,2,49
2024-03-16,0,0,1,0,2,49
2024-03-15,0,0,0,0,1,49
2024-03-14,1,1,0,1,0,49
2024-03-13,1,1,0,2,0,49
2024-03-12,1,0,0,2,0,49
2024-03-11,0,0,0,2,0,49
2024-03-10,0,0,0,2,0,49
2024-03-09,0,0,0,2,0,49
2024-03-08,0,0,0,1,0,52
2024-03-07,0,0,1,0,0,52
2024-03-06,2,0,2,0,0,52
2024-03-05,0,0,4,0,0,52
2024-03-04,0,0,2,0,0,53
2024-03-03,0,2,0,0,0,53
2024-03-02,0,4,0,0,0,53
2024-03-01,2,3,0,0,0,53
2024-02-29,3,0,0,0,0,53
2024-02-28,2,0,0,0,0,54
2024-02-27,0,0,0,0,0,54
2024-02-26,1,0,1,0,0,54
2024-02-25,0,0,0,0,0,54
2024-02-24,0,1,0,0,0,54
2024-02-23,0,1,0,0,1,53
2024-02-22,2,0,0,0,1,53
2024-02-21,0,0,0,0,1,53
2024-02-20,0,0,0,0,1,53
2024-02-19,0,1,0,0,1,53
2024-02-18,0,1,0,0,1,53
2024-02-17,1,0,0,0,1,53
2024-02-16,0,0,0,0,1,53
2024-02-15,0,0,0,0,1,53
2024-02-14,0,0,0,0,1,53
2024-02-13,0,0,0,0,1,53
2024-02-12,0,1,0,0,1,53
2024-02-11,0,1,0,0,1,53
2024-02-10,1,0,0,0,1,53
2024-02-09,0,0,0,0,1,53
2024-02-08,0,0,0,0,0,53
2024-02-07,0,0,0,1,0,53
2024-02-06,1,0,0,1,0,53
2024-02-05,1,1,0,1,0,53
2024-02-04,0,1,0,1,0,53
2024-02-03,1,0,0,1,0,53
2024-02-02,0,0,0,1,0,53
2024-02-01,0,0,0,0,0,53
2024-01-31,0,0,1,0,0,53
2024-01-30,0,0,1,0,0,53
2024-01-29,0,0,1,0,0,53
2024-01-28,0,0,0,0,0,53
2024-01-27,0,1,0,0,0,53
2024-01-26,0,2,0,0,0,53
2024-01-25,1,1,0,0,0,53
2024-01-24,1,0,0,0,0,53
2024-01-23,0,0,0,0,0,53
2024-01-22,0,0,0,0,0,53
2024-01-21,0,0,0,0,0,53
2024-01-20,0,0,0,0,2,51
2024-01-19,0,0,0,0,2,51
2024-01-18,0,0,0,0,2,52
2024-01-17,0,0,1,0,2,52
2024-01-16,0,0,2,0,2,53
2024-01-15,0,0,1,0,2,53
2024-01-14,0,1,0,0,2,53
2024-01-13,0,2,0,0,2,53
2024-01-12,2,2,0,0,2,53
2024-01-11,2,1,1,0,3,52
2024-01-10,2,0,1,0,3,52
2024-01-09,0,0,1,0,3,52
2024-01-08,0,0,0,1,4,52
2024-01-07,0,1,0,1,4,52
2024-01-06,0,1,0,1,4,52
2024-01-05,4,0,0,0,2,52
2024-01-04,0,1,1,2,3,52
2024-01-03,1,0,1,2,2,54
2024-01-02,0,0,1,3,2,54
2024-01-01,0,0,0,3,2,54
2023-12-31,0,1,0,3,2,54
2023-12-30,0,1,0,3,2,54
2023-12-29,1,0,0,1,1,54
2023-12-28,0,0,2,2,1,54
2023-12-27,0,0,2,1,0,54
2023-12-26,0,0,3,2,0,54
2023-12-25,0,0,1,2,0,54
2023-12-24,0,2,1,2,0,54
2023-12-23,0,2,0,2,0,54
2023-12-22,2,1,0,1,0,54
2023-12-21,0,1,1,1,0,54
2023-12-20,1,0,2,0,0,54
2023-12-19,1,0,3,0,0,55
2023-12-18,0,0,1,0,0,55
2023-12-17,0,2,1,0,1,54
2023-12-16,0,2,0,0,2,53
2023-12-15,2,1,0,0,2,53
2023-12-14,1,1,0,0,2,53
2023-12-13,1,0,0,0,2,53
2023-12-12,1,0,1,0,2,54
2023-12-11,0,1,0,0,2,54
2023-12-10,1,1,0,0,2,54
2023-12-09,1,1,0,0,2,54
2023-12-08,3,0,0,1,2,56
2023-12-07,1,0,1,1,4,56
2023-12-06,0,0,1,1,4,56
2023-12-05,0,0,2,0,4,56
2023-12-04,0,0,2,0,4,57
2023-12-03,0,1,1,0,4,57
2023-12-02,0,2,1,0,3,57
2023-12-01,1,6,0,1,2,57
2023-11-30,7,1,0,2,3,56
2023-11-29,0,2,0,2,3,56
2023-11-28,2,0,1,2,4,56
2023-11-27,0,0,1,3,4,56
2023-11-26,0,0,0,3,5,55
2023-11-25,0,1,0,2,7,53
2023-11-24,0,1,1,1,6,53
2023-11-23,1,0,2,2,6,53
2023-11-22,1,0,2,1,5,53
2023-11-21,0,0,2,2,5,53
2023-11-20,0,1,1,2,5,53
2023-11-19,0,2,1,2,5,53
2023-11-18,1,1,0,2,5,53
2023-11-17,2,1,0,1,7,51
2023-11-16,0,1,1,1,6,51
2023-11-15,1,0,1,1,6,50
2023-11-14,0,0,2,2,6,50
2023-11-13,0,1,1,2,6,51
2023-11-12,0,2,1,2,7,50
2023-11-11,1,1,0,2,6,50
2023-11-10,1,1,0,3,4,50
2023-11-09,0,1,0,4,4,50
2023-11-08,1,0,1,3,4,50
2023-11-07,0,0,2,3,4,50
2023-11-06,0,0,2,3,4,50
2023-11-05,0,0,1,3,4,50
2023-11-04,0,1,0,2,4,50
2023-11-03,0,2,1,0,5,49
2023-11-02,1,1,3,0,5,47
2023-11-01,1,0,3,3,7,46
2023-10-31,0,0,2,3,6,46
2023-10-30,0,1,0,4,6,46
2023-10-29,0,3,0,4,6,46
2023-10-28,2,2,0,3,5,46
2023-10-27,2,0,1,4,6,46
2023-10-26,0,0,1,2,6,46
2023-10-25,0,0,3,2,5,46
2023-10-24,0,0,2,2,6,46
2023-10-23,0,1,3,2,6,46
2023-10-22,0,1,1,2,6,46
2023-10-21,1,2,1,1,6,46
2023-10-20,0,2,1,1,6,46
2023-10-19,2,1,1,2,5,47
2023-10-18,0,1,2,2,2,49
2023-10-17,2,0,1,5,1,49
2023-10-16,0,2,1,6,1,49
2023-10-15,0,3,1,6,1,49
2023-10-14,2,1,0,6,1,49
2023-10-13,1,1,0,5,1,49
2023-10-12,0,1,1,4,2,48
2023-10-11,1,0,2,1,1,48
2023-10-10,1,0,5,1,1,48
2023-10-09,0,0,5,1,1,48
2023-10-08,0,1,4,1,1,48
2023-10-07,0,2,1,1,1,48
2023-10-06,1,4,0,1,1,48
2023-10-05,1,4,0,1,1,51
2023-10-04,3,1,0,1,2,52
2023-10-03,1,0,1,1,3,52
2023-10-02,0,0,1,1,3,53
2023-10-01,0,0,1,1,3,53
2023-09-30,0,0,0,0,3,53
2023-09-29,0,1,1,0,3,53
2023-09-28,0,1,1,0,3,53
2023-09-27,1,0,1,0,2,53
2023-09-26,0,0,0,1,2,54
2023-09-25,0,2,0,1,2,54
2023-09-24,0,2,0,1,2,54
2023-09-23,2,0,0,1,0,54
2023-09-22,0,0,0,3,0,54
2023-09-21,0,0,0,3,2,52
2023-09-20,2,0,0,2,3,52
2023-09-19,0,0,1,2,3,52
2023-09-18,0,1,1,2,3,52
2023-09-17,0,1,1,2,3,52
2023-09-16,1,0,0,0,3,52
2023-09-15,0,2,2,0,3,52
2023-09-14,0,4,2,0,3,52
2023-09-13,4,0,2,0,3,52
2023-09-12,1,0,0,0,3,52
2023-09-11,0,2,0,0,3,53
2023-09-10,0,2,0,0,4,52
2023-09-09,2,0,0,0,4,52
2023-09-08,1,0,0,0,4,52
2023-09-07,1,0,0,0,4,52
2023-09-06,0,0,2,2,4,57
2023-09-05,0,0,2,3,3,58
2023-09-04,0,0,1,4,3,58
2023-09-03,0,2,1,4,3,58
2023-09-02,0,3,1,4,7,54
2023-09-01,4,0,0,4,8,53
2023-08-31,0,1,0,3,9,52
2023-08-30,2,1,1,1,8,53
2023-08-29,3,0,3,1,8,53
2023-08-28,1,1,4,2,8,53
2023-08-27,0,1,3,2,8,53
2023-08-26,1,1,1,2,7,53
2023-08-25,0,3,0,3,7,53
2023-08-24,1,3,0,3,7,53
2023-08-23,2,1,0,1,6,53
2023-08-22,1,0,2,2,6,53
2023-08-21,0,1,2,2,6,53
2023-08-20,0,1,2,2,7,52
2023-08-19,1,0,0,1,7,52
2023-08-18,0,2,1,1,3,52
2023-08-17,0,2,1,6,2,52
2023-08-16,2,0,1,6,1,52
2023-08-15,1,0,1,6,2,54
2023-08-14,0,2,2,7,2,54
2023-08-13,1,1,2,7,3,53
2023-08-12,1,0,1,7,3,53
2023-08-11,0,1,0,2,3,53
2023-08-10,1,2,7,1,2,53
2023-08-09,1,1,8,1,2,53
2023-08-08,2,0,9,1,2,53
2023-08-07,0,2,3,1,3,53
2023-08-06,0,8,2,1,3,53
2023-08-05,2,7,0,1,3,52
2023-08-04,7,3,0,2,3,52
2023-08-03,4,3,0,2,3,52
2023-08-02,2,2,2,2,3,53
2023-08-01,2,0,2,1,3,53
2023-07-31,0,0,3,1,3,53
2023-07-30,0,0,1,1,3,53
2023-07-29,0,2,1,0,2,53
2023-07-28,1,3,1,1,2,53
2023-07-27,3,1,1,2,1,53
2023-07-26,1,2,3,2,2,52
2023-07-25,2,0,3,2,2,52
2023-07-24,0,1,3,2,2,52
2023-07-23,0,2,2,2,2,52
2023-07-22,1,2,0,1,3,51
2023-07-21,2,3,1,1,2,52
2023-07-20,2,5,1,1,3,53
2023-07-19,4,2,2,1,2,55
2023-07-18,3,0,1,2,2,55
2023-07-17,0,2,3,2,2,55
2023-07-16,0,3,0,2,2,55
2023-07-15,2,4,0,2,3,54
2023-07-14,2,5,0,1,4,53
2023-07-13,4,2,1,1,4,53
2023-07-12,1,1,1,0,4,53
2023-07-11,2,0,2,0,3,53
2023-07-10,0,1,1,1,4,53
2023-07-09,0,2,1,1,4,53
2023-07-08,1,1,0,1,3,53
2023-07-07,2,1,0,2,3,53
2023-07-06,0,1,2,3,4,54
2023-07-05,1,0,2,4,3,55
2023-07-04,0,0,1,4,3,55
2023-07-03,0,1,1,4,3,55
2023-07-02,0,2,1,4,3,55
2023-07-01,1,1,1,3,3,55
2023-06-30,1,0,1,1,2,55
2023-06-29,0,1,3,2,1,55
2023-06-28,0,1,3,3,1,55
2023-06-27,1,0,3,4,2,54
2023-06-26,0,1,1,4,3,53
2023-06-25,0,3,1,3,2,53
2023-06-24,1,2,1,4,2,53
2023-06-23,2,2,1,3,3,52
2023-06-22,0,3,2,1,4,51
2023-06-21,3,0,4,1,5,50
2023-06-20,0,1,4,1,5,50
2023-06-19,0,2,3,1,5,50
2023-06-18,1,2,1,0,5,50
2023-06-17,1,3,1,0,5,50
2023-06-16,1,3,1,0,5,50
2023-06-15,2,1,1,0,6,51
2023-06-14,2,0,0,0,6,51
2023-06-13,3,1,0,0,6,51
2023-06-12,0,1,1,2,7,52
2023-06-11,1,0,1,3,7,51
2023-06-10,0,0,1,4,8,50
2023-06-09,0,2,0,4,10,48
2023-06-08,2,2,1,4,10,47
2023-06-07,1,1,1,4,9,47
2023-06-06,1,0,3,5,8,47
2023-06-05,0,0,2,5,8,47
2023-06-04,0,1,3,4,8,46
2023-06-03,0,1,2,5,7,46
2023-06-02,1,2,2,6,6,46
2023-06-01,0,2,1,5,6,46
2023-05-31,2,1,3,4,6,47
2023-05-30,0,2,5,3,6,47
2023-05-29,1,1,6,3,6,47
2023-05-28,1,0,3,2,7,46
2023-05-27,0,3,2,1,6,46
2023-05-26,1,5,2,1,5,46
2023-05-25,3,3,3,2,3,46
2023-05-24,2,2,3,5,2,46
2023-05-23,2,1,1,6,2,46
2023-05-22,0,3,0,6,2,47
2023-05-21,1,6,0,6,2,47
2023-05-20,2,4,0,4,1,47
2023-05-19,5,0,2,5,1,47
2023-05-18,0,1,5,3,2,47
2023-05-17,0,2,7,2,2,47
2023-05-16,3,0,5,1,3,47
2023-05-15,1,3,4,1,4,46
2023-05-14,0,5,2,1,4,46
2023-05-13,3,4,1,0,3,46
2023-05-12,3,3,2,1,3,46
2023-05-11,2,3,2,1,3,46
2023-05-10,2,1,2,1,3,46
2023-05-09,1,0,0,2,3,46
2023-05-08,0,2,0,2,3,46
2023-05-07,0,2,0,2,2,46
2023-05-06,2,0,0,2,2,46
2023-05-05,0,0,1,2,2,46
2023-05-04,1,0,1,2,2,46
2023-05-03,1,0,1,2,2,47
2023-05-02,0,0,1,4,2,47
2023-05-01,0,2,1,4,2,47
2023-04-30,1,1,1,3,1,47
2023-04-29,2,0,1,3,2,46
2023-04-28,2,1,2,2,2,46
2023-04-27,0,1,3,1,1,46
2023-04-26,1,0,3,2,1,47
2023-04-25,0,1,2,2,2,49
2023-04-24,0,3,1,2,3,49
2023-04-23,2,3,0,1,4,48
2023-04-22,1,3,1,1,5,47
2023-04-21,2,1,1,1,6,46
2023-04-20,1,0,1,0,8,44
2023-04-19,0,0,1,0,8,44
2023-04-18,1,1,2,0,8,44
2023-04-17,0,2,2,0,8,44
2023-04-16,2,0,0,0,8,44
2023-04-15,0,2,0,0,7,44
2023-04-14,0,2,0,1,6,44
2023-04-13,2,0,0,2,7,43
2023-04-12,0,1,0,2,6,43
2023-04-11,2,0,0,3,6,43
2023-04-10,0,0,0,3,6,43
2023-04-09,0,0,0,3,7,42
2023-04-08,0,0,0,2,6,42
2023-04-07,0,0,1,2,5,42
2023-04-06,0,0,2,3,4,42
2023-04-05,0,0,2,3,2,42
2023-04-04,0,0,2,5,2,42
2023-04-03,0,1,1,5,2,42
2023-04-02,0,2,1,5,2,42
2023-04-01,1,1,0,4,2,42
2023-03-31,1,1,1,3,2,42
2023-03-30,0,1,2,2,2,42
2023-03-29,2,0,3,0,1,42
2023-03-28,2,0,4,1,1,42
2023-03-27,0,1,3,1,1,42
2023-03-26,0,2,2,1,1,42
2023-03-25,1,2,0,1,0,42
2023-03-24,1,3,0,2,0,42
2023-03-23,2,2,0,2,0,42
2023-03-22,3,0,0,1,0,43
2023-03-21,0,0,4,1,0,43
2023-03-20,0,0,3,1,0,43
2023-03-19,0,1,3,1,0,43
2023-03-18,0,1,0,0,0,43
2023-03-17,1,3,1,0,0,43
2023-03-16,0,3,1,0,0,43
2023-03-15,3,0,1,0,1,43
2023-03-14,0,0,0,0,1,43
2023-03-13,0,2,1,0,1,45
2023-03-12,0,2,1,0,1,45
2023-03-11,2,0,0,0,2,44
2023-03-10,0,1,0,0,1,44
2023-03-09,1,1,0,1,1,44
2023-03-08,1,0,0,1,1,44
2023-03-07,1,0,0,1,1,44
2023-03-06,0,0,0,1,2,44
2023-03-05,0,0,0,1,2,44
2023-03-04,0,0,0,1,3,43
2023-03-03,1,1,0,0,3,44
2023-03-02,1,0,1,1,3,44
2023-03-01,2,0,1,2,3,44
2023-02-28,0,0,1,2,3,44
2023-02-27,0,0,0,3,3,44
2023-02-26,0,1,0,3,4,43
2023-02-25,0,1,0,3,6,41
2023-02-24,1,0,0,2,5,41
2023-02-23,1,1,2,2,5,41
2023-02-22,1,0,3,2,5,41
2023-02-21,0,1,3,1,5,41
2023-02-20,0,2,3,1,5,41
2023-02-19,1,2,1,1,4,41
2023-02-18,2,3,1,2,4,41
2023-02-17,1,2,0,1,3,41
2023-02-16,3,1,1,2,3,41
2023-02-15,0,1,1,2,3,42
2023-02-14,1,0,2,2,3,42
2023-02-13,0,1,0,2,3,42
2023-02-12,1,4,0,1,3,42
2023-02-11,1,3,1,1,3,41
2023-02-10,3,0,1,1,1,41
2023-02-09,1,0,2,3,1,42
2023-02-08,3,1,1,4,2,41
2023-02-07,3,2,1,4,2,41
2023-02-06,0,3,1,4,2,41
2023-02-05,2,2,0,4,2,41
2023-02-04,2,2,0,3,3,41
2023-02-03,1,1,1,1,3,41
2023-02-02,1,0,4,1,3,41
2023-02-01,1,0,6,2,3,42
2023-01-31,0,0,4,1,3,42
2023-01-30,1,4,2,1,3,42
2023-01-29,1,6,1,1,3,42
2023-01-28,3,4,1,1,2,42
2023-01-27,3,1,0,1,1,42
2023-01-26,2,1,3,2,1,45
2023-01-25,2,1,4,2,1,45
2023-01-24,1,0,4,2,0,46
2023-01-23,0,2,1,5,0,49
2023-01-22,0,5,0,5,0,49
2023-01-21,2,4,0,3,0,49
2023-01-20,3,2,2,2,0,49
2023-01-19,1,1,3,1,0,50
2023-01-18,2,0,5,1,0,51
2023-01-17,0,0,3,0,0,51
2023-01-16,0,3,3,0,1,50
2023-01-15,0,4,1,0,2,49
2023-01-14,3,3,1,0,4,47
2023-01-13,2,4,0,0,5,46
2023-01-12,4,4,0,0,5,47
2023-01-11,2,2,1,0,5,48
2023-01-10,2,0,1,0,5,48
2023-01-09,0,0,1,0,5,48
2023-01-08,0,0,0,0,5,48
2023-01-07,0,1,0,0,5,48
2023-01-06,0,1,0,0,5,48
2023-01-05,1,0,0,0,7,47
2023-01-04,1,0,0,0,7,47
2023-01-03,0,0,0,0,8,49
2023-01-02,0,0,0,2,8,49
2023-01-01,0,0,0,2,7,49
2022-12-31,0,0,0,3,7,48
2022-12-30,0,0,0,4,6,47
2022-12-29,0,0,0,6,5,47
2022-12-28,0,0,0,6,4,47
2022-12-27,0,0,1,6,4,47
2022-12-26,0,0,2,6,4,47
2022-12-25,0,0,2,5,4,47
2022-12-24,0,0,2,4,4,47
2022-12-23,0,1,2,2,4,47
2022-12-22,0,2,4,1,3,47
2022-12-21,1,1,4,1,2,47
2022-12-20,1,1,4,2,2,47
2022-12-19,0,2,2,2,3,46
2022-12-18,1,3,1,2,3,46
2022-12-17,1,3,0,2,3,46
2022-12-16,2,2,0,2,2,46
2022-12-15,1,2,0,4,1,47
2022-12-14,2,0,2,3,1,47
2022-12-13,1,0,4,3,1,51
2022-12-12,1,0,4,3,1,52
2022-12-11,0,0,2,3,1,52
2022-12-10,0,2,0,3,2,51
2022-12-09,0,5,0,1,2,51
2022-12-08,2,4,2,0,2,51
2022-12-07,4,1,3,0,2,51
2022-12-06,3,0,3,0,3,52
2022-12-05,0,0,1,0,3,54
2022-12-04,0,2,0,0,2,54
2022-12-03,1,3,0,1,1,54
2022-12-02,2,1,0,2,2,53
2022-12-01,3,0,0,4,2,53
2022-11-30,1,0,0,4,2,53
2022-11-29,2,0,0,5,5,58
2022-11-28,0,0,1,5,5,58
2022-11-27,0,0,1,4,6,57
2022-11-26,0,0,1,2,6,57
2022-11-25,0,1,3,1,5,57
2022-11-24,0,1,4,2,5,57
2022-11-23,1,0,3,1,6,56
2022-11-22,0,1,2,1,6,56
2022-11-21,0,3,1,1,6,56
2022-11-20,1,3,1,1,6,56
2022-11-19,2,1,0,1,6,56
2022-11-18,1,2,0,0,5,56
2022-11-17,1,1,2,1,3,56
2022-11-16,2,0,2,3,2,56
2022-11-15,0,0,2,4,3,57
2022-11-14,0,0,0,4,3,57
2022-11-13,0,2,0,4,3,57
2022-11-12,0,2,0,4,3,56
2022-11-11,2,0,0,4,3,56
2022-11-10,1,0,1,2,4,55
2022-11-09,2,0,3,1,3,55
2022-11-08,1,0,4,2,2,55
2022-11-07,0,1,3,3,2,55
2022-11-06,0,2,1,3,2,55
2022-11-05,1,3,0,2,2,55
2022-11-04,1,4,1,2,2,55
2022-11-03,3,1,1,2,3,54
2022-11-02,1,0,1,1,5,52
2022-11-01,1,0,1,0,5,52
2022-10-31,0,1,2,0,5,52
2022-10-30,0,1,2,0,5,52
2022-10-29,1,0,1,0,5,52
2022-10-28,0,1,0,0,4,52
2022-10-27,0,2,0,1,4,52
2022-10-26,1,1,0,1,3,52
2022-10-25,2,0,1,2,3,52
2022-10-24,0,1,0,2,3,52
2022-10-23,0,2,0,2,3,52
2022-10-22,1,1,0,2,3,52
2022-10-21,1,0,0,2,4,51
2022-10-20,1,1,2,2,5,51
2022-10-19,3,0,2,0,4,52
2022-10-18,0,0,4,1,2,52
2022-10-17,0,0,2,3,2,52
2022-10-16,0,2,2,3,2,52
2022-10-15,0,2,0,3,2,52
2022-10-14,2,2,0,3,2,52
2022-10-13,0,2,1,3,3,51
2022-10-12,2,0,1,2,5,49
2022-10-11,0,0,2,0,5,49
2022-10-10,0,0,3,0,5,49
2022-10-09,0,1,3,0,6,48
2022-10-08,0,1,2,0,6,48
2022-10-07,2,2,2,0,7,48
2022-10-06,3,3,2,0,7,47
2022-10-05,3,2,2,1,5,47
2022-10-04,3,0,0,3,5,48
2022-10-03,0,3,0,3,5,48
2022-10-02,0,3,0,3,6,47
2022-10-01,3,0,0,3,6,47
2022-09-30,0,0,0,3,8,46
2022-09-29,0,0,0,2,8,46
2022-09-28,0,0,1,0,6,46
2022-09-27,0,0,3,2,4,46
2022-09-26,0,0,3,4,4,46
2022-09-25,0,0,2,4,4,46
2022-09-24,0,1,0,4,3,46
2022-09-23,0,3,0,5,4,45
2022-09-22,1,2,0,5,6,43
2022-09-21,2,0,0,4,6,42
2022-09-20,0,0,2,3,6,43
2022-09-19,0,0,4,3,6,42
2022-09-18,0,0,4,3,6,42
2022-09-17,0,0,2,1,5,42
2022-09-16,1,2,2,2,5,42
2022-09-15,0,4,2,2,5,41
2022-09-14,3,2,2,2,5,41
2022-09-13,3,0,1,2,5,41
2022-09-12,0,2,1,2,5,41
2022-09-11,0,2,1,2,6,40
2022-09-10,2,0,0,1,6,40
2022-09-09,1,1,1,2,6,40
2022-09-08,0,1,2,0,5,41
2022-09-07,2,0,6,2,3,43
2022-09-06,0,0,4,4,2,43
2022-09-05,0,3,4,5,2,43
2022-09-04,0,4,2,5,2,43
2022-09-03,3,3,1,4,2,43
2022-09-02,2,4,1,4,2,43
2022-09-01,2,3,1,3,2,43
2022-08-31,3,2,2,1,1,43
2022-08-30,2,0,3,1,1,43
2022-08-29,0,2,5,1,1,43
2022-08-28,0,2,3,1,1,43
2022-08-27,2,2,1,1,0,43
2022-08-26,1,4,0,2,1,42
2022-08-25,2,3,0,2,1,44
2022-08-24,2,1,0,2,1,49
2022-08-23,1,2,1,2,1,49
2022-08-22,0,2,1,2,1,49
2022-08-21,2,0,1,2,1,49
2022-08-20,0,0,0,1,1,49
2022-08-19,0,1,2,1,2,49
2022-08-18,0,1,2,0,3,48
2022-08-17,1,0,2,0,3,48
2022-08-16,1,1,2,1,3,51
2022-08-15,0,4,2,1,3,51
2022-08-14,2,2,1,1,4,50
2022-08-13,3,1,0,1,4,50
2022-08-12,0,2,0,1,6,49
2022-08-11,4,1,0,1,5,49
2022-08-10,1,0,0,1,5,49
2022-08-09,1,0,1,1,6,48
2022-08-08,0,0,2,2,7,47
2022-08-07,0,0,2,2,7,47
2022-08-06,0,0,1,2,7,47
2022-08-05,0,1,0,1,8,46
2022-08-04,0,2,1,0,7,46
2022-08-03,1,1,2,1,6,46
2022-08-02,1,0,2,2,6,46
2022-08-01,0,0,1,2,6,46
2022-07-31,0,1,0,2,6,46
2022-07-30,0,2,0,2,5,46
2022-07-29,1,2,0,3,5,46
2022-07-28,4,0,0,2,3,46
2022-07-27,0,0,1,3,3,46
2022-07-26,1,0,3,3,3,46
2022-07-25,0,1,3,3,2,47
2022-07-24,0,1,2,4,1,47
2022-07-23,1,1,0,4,1,47
2022-07-22,0,3,1,4,3,45
2022-07-21,1,2,1,2,2,47
2022-07-20,2,0,3,3,2,47
2022-07-19,0,0,2,3,2,47
2022-07-18,1,3,2,2,3,49
2022-07-17,0,4,1,1,3,49
2022-07-16,3,3,2,1,4,48
2022-07-15,1,2,2,2,4,48
2022-07-14,2,0,3,0,4,48
2022-07-13,0,2,4,1,4,48
2022-07-12,1,2,4,1,4,48
2022-07-11,1,2,2,1,4,48
2022-07-10,1,3,0,1,5,47
2022-07-09,1,4,0,0,5,47
2022-07-08,2,2,1,0,5,47
2022-07-07,5,0,2,2,2,48
2022-07-06,0,0,2,5,3,47
2022-07-05,0,0,0,4,3,47
2022-07-04,0,2,1,4,3,47
2022-07-03,0,2,1,4,4,46
2022-07-02,3,0,1,4,4,46
2022-07-01,0,0,0,3,3,46
2022-06-30,3,1,1,1,3,47
2022-06-29,0,1,5,1,3,54
2022-06-28,1,0,4,1,3,54
2022-06-27,0,2,3,1,3,55
2022-06-26,0,3,0,1,3,55
2022-06-25,2,4,0,1,3,54
2022-06-24,1,3,0,1,3,54
2022-06-23,5,0,1,1,3,54
2022-06-22,0,0,4,5,4,55
2022-06-21,0,0,2,4,3,55
2022-06-20,0,3,2,5,3,55
2022-06-19,0,4,1,5,3,55
2022-06-18,3,2,1,3,2,55
2022-06-17,1,1,2,3,3,54
2022-06-16,1,2,3,2,4,53
2022-06-15,0,3,4,2,5,52
2022-06-14,2,1,2,1,5,54
2022-06-13,1,2,2,2,6,55
2022-06-12,0,3,1,2,6,55
2022-06-11,2,2,1,0,6,55
2022-06-10,2,2,3,0,7,56
2022-06-09,2,1,3,1,8,56
2022-06-08,2,1,6,2,9,56
2022-06-07,2,3,2,4,9,56
2022-06-06,0,7,1,5,9,56
2022-06-05,3,5,0,4,12,53
2022-06-04,5,2,1,3,13,52
2022-06-03,2,1,2,1,14,50
2022-06-02,2,0,4,2,15,48
2022-06-01,0,0,3,4,13,47
2022-05-31,0,1,4,7,12,47
2022-05-30,0,2,1,8,12,47
2022-05-29,1,5,1,8,11,47
2022-05-28,1,5,1,9,13,45
2022-05-27,5,0,0,8,15,43
2022-05-26,0,1,4,7,16,42
2022-05-25,1,1,5,4,17,41
2022-05-24,1,2,10,2,16,41
2022-05-23,0,2,9,3,16,41
2022-05-22,2,3,7,2,16,41
2022-05-21,1,5,3,2,15,39
2022-05-20,3,7,2,5,15,38
2022-05-19,3,8,3,5,13,38
2022-05-18,5,3,2,7,12,37
2022-05-17,3,2,1,8,11,37
2022-05-16,0,3,3,10,11,37
2022-05-15,2,1,1,10,12,36
2022-05-14,3,2,1,7,13,35
2022-05-13,1,2,3,5,11,35
2022-05-12,2,1,5,5,9,35
2022-05-11,4,2,7,5,7,35
2022-05-10,2,0,6,6,6,35
2022-05-08,0,5,3,7,8,34
2022-05-07,3,4,1,7,9,33
2022-05-06,4,5,0,6,6,33
2022-05-05,4,5,2,6,7,31
2022-05-04,3,3,6,5,7,32
2022-05-03,3,0,11,5,7,35
2022-05-02,0,0,11,6,7,36
2022-05-01,0,3,4,6,8,35
2022-04-30,0,10,1,6,6,35
2022-04-29,3,10,0,4,5,35
2022-04-28,7,4,4,4,5,35
2022-04-27,8,1,6,4,6,35
2022-04-26,3,0,6,3,6,36
2022-04-25,0,0,3,3,6,49
2022-04-24,0,6,2,3,6,49
2022-04-23,0,7,1,1,4,49
2022-04-22,7,2,2,2,3,49
2022-04-21,2,2,3,3,3,49
2022-04-20,3,1,3,3,1,49
2022-04-19,1,1,2,8,1,49
2022-04-18,0,4,0,9,2,49
2022-04-17,1,5,0,9,2,49
2022-04-16,4,2,0,6,0,49
2022-04-15,3,0,3,7,2,48
2022-04-14,0,2,5,4,2,48
2022-04-13,2,1,9,2,2,48
2022-04-12,1,0,6,2,2,48
2022-04-11,0,5,5,2,2,48
2022-04-10,1,6,2,2,2,48
2022-04-09,5,4,0,0,2,48
2022-04-08,1,5,2,0,1,48
2022-04-07,3,2,2,1,1,48
2022-04-06,2,0,2,1,1,48
2022-04-05,1,0,1,1,1,48
2022-04-04,0,2,1,1,1,48
2022-04-03,0,2,1,1,1,48
2022-04-02,2,0,0,1,1,48
2022-04-01,1,1,0,1,1,48
2022-03-31,0,1,2,1,0,49
2022-03-30,2,1,4,2,1,48
2022-03-29,3,0,7,2,1,48
2022-03-28,0,0,4,3,1,48
2022-03-27,0,4,2,3,1,48
2022-03-26,0,6,0,3,1,48
2022-03-25,4,4,0,3,1,48
2022-03-24,2,2,0,1,1,48
2022-03-23,2,0,2,0,1,49
2022-03-22,0,0,4,0,1,50
2022-03-21,0,1,3,0,1,51
2022-03-20,0,2,1,0,1,51
2022-03-19,1,3,0,0,1,51
2022-03-18,1,4,0,0,1,51
2022-03-17,6,1,0,1,1,51
2022-03-16,2,0,0,0,1,51
2022-03-15,0,0,1,0,1,51
2022-03-14,0,1,1,1,1,51
2022-03-13,0,1,1,1,2,50
2022-03-12,1,0,0,1,2,50
2022-03-11,0,1,0,1,1,50
2022-03-10,1,1,0,3,1,50
2022-03-09,1,0,0,3,1,50
2022-03-08,0,0,1,2,2,51
2022-03-07,0,2,2,2,2,51
2022-03-06,1,1,1,2,3,50
2022-03-05,1,1,1,2,5,48
2022-03-04,0,1,0,0,6,47
2022-03-03,2,1,2,0,6,47
2022-03-02,0,1,2,0,6,47
2022-03-01,1,0,3,0,8,47
2022-02-28,0,3,1,0,8,47
2022-02-27,1,4,0,0,8,47
2022-02-26,2,3,0,0,7,47
2022-02-25,2,2,0,1,7,47
2022-02-24,2,0,0,1,7,47
2022-02-23,0,0,0,1,6,47
2022-02-22,0,0,0,2,6,47
2022-02-21,0,1,0,2,6,47
2022-02-20,0,1,0,2,6,47
2022-02-19,1,0,0,1,4,47
2022-02-18,1,0,1,3,1,47
2022-02-17,0,0,1,6,0,47
2022-02-16,0,1,2,7,1,50
2022-02-15,1,0,2,6,0,50
2022-02-14,0,1,3,7,0,50
2022-02-13,0,1,2,7,0,50
2022-02-12,1,1,1,5,1,49
2022-02-11,0,2,2,2,1,50
2022-02-10,2,2,5,1,3,49
2022-02-09,1,1,6,1,3,49
2022-02-08,1,0,4,0,3,49
2022-02-07,0,2,2,0,3,49
2022-02-06,0,5,1,0,4,48
2022-02-05,2,4,1,0,4,48
2022-02-04,5,1,0,0,4,49
2022-02-03,3,1,0,0,6,49
2022-02-02,1,1,0,0,6,49
2022-02-01,1,0,0,0,6,50
2022-01-31,0,1,1,0,6,49
2022-01-30,0,1,1,0,6,49
2022-01-29,1,0,1,0,5,49
2022-01-28,1,0,0,1,4,49
2022-01-27,2,1,0,2,6,47
2022-01-26,2,1,0,2,4,47
2022-01-25,2,0,0,4,4,48
2022-01-24,0,0,0,4,4,48
2022-01-23,0,0,0,4,4,48
2022-01-22,0,0,0,3,3,48
2022-01-21,0,0,1,3,4,47
2022-01-20,0,0,2,3,3,47
2022-01-19,1,0,2,2,3,47
2022-01-18,0,0,3,2,3,47
2022-01-17,0,1,2,2,3,47
2022-01-16,0,2,2,2,3,47
2022-01-15,1,1,0,1,3,47
2022-01-14,1,2,1,1,5,45
2022-01-13,0,2,1,0,6,44
2022-01-12,2,0,2,0,4,44
2022-01-11,1,0,1,2,4,46
2022-01-10,0,2,1,2,4,46
2022-01-09,0,2,0,2,4,46
2022-01-08,2,1,0,2,5,45
2022-01-07,2,1,0,2,6,45
2022-01-06,1,0,0,2,5,45
2022-01-05,0,0,0,1,5,46
2022-01-04,0,0,2,1,4,46
2022-01-03,0,0,2,2,4,46
2022-01-02,0,0,2,2,6,44
2022-01-01,0,0,0,2,8,42
2021-12-31,0,2,0,2,8,42
2021-12-30,0,2,0,1,6,42
2021-12-29,2,0,1,3,5,42
2021-12-28,0,0,1,3,5,42
2021-12-27,0,0,3,3,5,42
2021-12-26,0,0,2,3,5,42
2021-12-25,0,1,2,3,5,42
2021-12-24,0,1,0,3,5,41
2021-12-23,1,2,0,2,5,41
2021-12-22,0,2,2,1,5,41
2021-12-21,2,0,3,2,5,42
2021-12-20,1,0,7,4,5,42
2021-12-19,0,0,1,4,5,42
2021-12-18,0,6,0,2,3,42
2021-12-17,0,7,2,3,1,42
2021-12-16,7,1,3,5,2,41
2021-12-15,1,0,4,5,2,41
2021-12-14,1,0,3,5,2,41
2021-12-13,0,4,1,5,3,42
2021-12-12,0,6,1,5,3,42
2021-12-11,4,2,0,3,3,42
2021-12-10,3,1,2,2,4,42
2021-12-09,1,1,6,1,3,42
2021-12-08,1,0,7,2,3,42
2021-12-07,0,0,5,1,3,42
2021-12-06,0,3,2,1,3,42
2021-12-05,0,7,1,1,3,42
2021-12-04,3,5,1,1,3,42
2021-12-03,5,1,0,1,3,42
2021-12-02,1,1,0,0,5,41
2021-12-01,0,2,1,0,5,40
2021-11-30,2,0,2,2,5,41
2021-11-29,0,0,2,3,5,41
2021-11-28,0,1,0,3,5,41
2021-11-27,0,3,0,3,5,41
2021-11-26,1,2,0,3,5,41
2021-11-25,2,0,0,2,4,41
2021-11-24,1,0,1,2,5,41
2021-11-23,1,0,3,2,5,41
2021-11-22,0,1,3,2,5,41
2021-11-21,0,2,2,2,5,41
2021-11-20,1,2,1,2,5,41
2021-11-19,1,2,0,1,4,41
2021-11-18,2,3,1,1,4,41
2021-11-17,3,3,4,1,2,41
2021-11-16,3,0,3,3,1,41
2021-11-15,0,3,3,4,1,41
2021-11-14,0,5,0,4,1,41
2021-11-13,3,5,0,4,1,41
2021-11-12,3,3,0,3,1,41
2021-11-11,4,0,1,3,1,41
2021-11-10,3,2,5,1,1,42
2021-11-09,4,1,9,0,0,43
2021-11-08,0,1,7,1,0,43
2021-11-07,1,3,4,1,0,43
2021-11-06,0,6,1,1,0,43
2021-11-05,3,6,0,1,0,43
2021-11-04,3,4,1,1,1,42
2021-11-03,4,1,3,1,1,42
2021-11-02,5,0,3,1,1,42
2021-11-01,0,3,2,3,1,43
2021-10-31,0,6,1,3,1,43
2021-10-30,3,4,1,3,1,43
2021-10-29,5,2,0,2,1,43
2021-10-28,1,3,2,1,2,43
2021-10-27,3,2,4,1,3,44
2021-10-26,2,0,5,2,3,44
2021-10-25,0,0,2,1,3,44
2021-10-24,0,5,2,1,3,44
2021-10-23,1,6,2,1,3,44
2021-10-22,5,1,1,1,3,44
2021-10-21,2,1,0,1,5,43
2021-10-20,1,3,1,2,4,44
2021-10-19,2,2,1,3,4,44
2021-10-18,2,1,1,3,4,45
2021-10-17,1,2,0,3,4,45
2021-10-16,1,2,0,3,4,45
2021-10-15,2,1,0,2,5,44
2021-10-14,2,0,2,1,5,44
2021-10-13,1,0,3,0,5,43
2021-10-12,0,0,5,2,6,44
2021-10-11,0,0,3,2,6,44
2021-10-10,0,3,1,2,5,44
2021-10-09,0,5,0,3,4,44
2021-10-08,6,5,0,4,5,43
2021-10-07,5,2,0,3,6,42
2021-10-06,3,0,2,4,5,42
2021-10-05,1,0,2,6,5,42
2021-10-04,0,4,3,6,5,42
2021-10-03,1,3,1,5,5,42
2021-10-02,4,2,1,4,5,42
2021-10-01,0,3,2,5,5,42
2021-09-30,6,2,2,2,4,42
2021-09-29,3,0,5,1,4,42
2021-09-28,1,1,6,1,3,42
2021-09-27,0,5,6,2,3,42
2021-09-26,2,3,2,2,3,42
2021-09-25,3,4,0,2,3,42
2021-09-24,1,6,0,3,4,41
2021-09-23,6,3,0,2,4,40
2021-09-22,2,1,2,4,2,40
2021-09-21,2,0,3,5,2,40
2021-09-20,0,1,5,5,2,40
2021-09-19,0,1,2,5,2,40
2021-09-18,1,3,1,4,2,40
2021-09-17,0,4,1,3,2,40
2021-09-16,6,2,2,2,3,39
2021-09-15,2,1,3,0,4,38
2021-09-14,1,1,5,0,4,38
2021-09-13,2,4,3,0,4,38
2021-09-12,0,7,2,0,4,38
2021-09-11,4,4,0,0,4,38
2021-09-10,4,3,0,0,4,38
2021-09-09,1,2,1,0,3,38
2021-09-08,4,0,2,2,3,38
2021-09-07,0,0,1,3,3,38
2021-09-06,0,2,1,4,3,38
2021-09-05,0,2,1,4,3,38
2021-09-04,2,0,0,3,3,38
2021-09-03,1,2,1,3,3,38
2021-09-02,1,2,2,2,2,38
2021-09-01,2,0,3,3,1,38
2021-08-31,0,0,3,3,0,38
2021-08-30,0,2,3,4,0,38
2021-08-29,0,3,2,4,0,38
2021-08-28,2,2,1,4,0,38
2021-08-27,2,3,0,4,0,38
2021-08-26,2,3,0,2,0,38
2021-08-25,2,2,2,1,0,38
2021-08-24,5,0,4,0,1,38
2021-08-23,0,0,6,0,1,38
2021-08-22,0,3,2,0,1,38
2021-08-21,0,7,1,0,1,38
2021-08-20,4,5,0,0,3,36
2021-08-19,6,2,0,0,3,36
2021-08-18,3,1,0,1,3,36
2021-08-17,1,0,1,2,3,37
2021-08-16,0,2,1,2,3,42
2021-08-15,0,2,0,2,3,42
2021-08-14,2,2,0,2,3,41
2021-08-13,3,2,1,2,3,41
2021-08-12,1,4,2,2,3,41
2021-08-11,6,1,1,2,4,41
2021-08-10,1,2,2,3,4,42
2021-08-09,0,4,1,3,6,41
2021-08-08,3,2,1,3,8,39
2021-08-07,4,1,0,2,8,39
2021-08-06,3,1,1,1,8,39
2021-08-05,1,1,2,0,5,39
2021-08-04,2,0,3,3,5,39
2021-08-03,2,0,5,4,4,39
2021-08-02,0,2,6,6,4,39
2021-08-01,0,3,3,6,4,39
2021-07-31,2,4,2,6,5,38
2021-07-30,1,4,0,5,5,38
2021-07-29,3,3,1,2,5,38
2021-07-28,2,2,5,2,5,38
2021-07-27,2,0,5,2,5,38
2021-07-26,0,0,5,2,5,38
2021-07-25,0,1,1,1,6,36
2021-07-24,0,5,2,2,4,36
2021-07-23,1,4,1,3,5,37
2021-07-22,6,2,2,3,5,37
2021-07-21,3,1,1,4,4,38
2021-07-20,1,2,1,5,4,38
2021-07-19,0,2,0,5,4,38
2021-06-15,0,2,3,5,3,32
2021-06-14,0,0,5,4,3,32
2021-06-13,0,1,4,4,4,31
2021-06-12,0,3,2,4,4,31
2021-06-11,0,4,2,3,4,31
2021-06-10,0,5,3,1,4,31
2021-06-09,0,3,3,1,4,31
2021-06-08,0,1,4,1,3,33
2021-06-07,0,3,3,1,3,33
2021-06-06,0,5,1,1,3,33
2021-06-05,0,5,1,2,2,33
2021-06-04,0,3,0,3,1,33
2021-06-03,1,3,0,3,1,33
2021-06-02,2,4,0,3,3,33
2021-06-01,0,0,4,3,2,33
2021-05-31,0,1,3,3,2,33
2021-05-30,0,3,1,3,2,33
2021-05-29,0,3,2,2,2,33
2021-05-28,1,3,2,2,1,33
2021-05-27,0,3,2,3,1,33
2021-05-26,0,2,3,2,1,33
2021-05-25,1,5,4,1,2,33
2021-05-24,0,5,2,1,2,33
2021-05-23,1,4,2,1,2,33
2021-05-22,1,4,1,1,3,32
2021-05-21,0,4,1,1,2,33
2021-05-20,0,4,1,1,2,33
2021-05-19,2,2,1,1,2,33
2021-05-18,0,0,2,1,2,33
2021-05-17,0,5,4,1,2,35
2021-05-16,0,8,1,1,2,35
2021-05-15,0,9,0,1,2,35
2021-05-14,0,4,1,1,3,34
2021-05-13,0,2,1,2,2,34
2021-05-12,0,0,1,3,4,33
2021-05-11,1,2,2,2,4,33
2021-05-09,0,2,2,2,5,32
2021-05-08,0,3,1,2,5,32
2021-05-07,1,4,1,2,4,32
2021-05-06,0,4,2,2,3,32
2021-05-05,0,2,3,2,4,32
2021-05-04,0,2,5,3,4,32
2021-05-03,0,1,4,3,4,32
2021-05-02,0,3,2,3,6,30
2021-05-01,0,5,0,3,6,30
2021-04-30,0,5,1,2,6,30
2021-04-29,0,4,2,3,6,30
2021-04-28,0,2,5,4,4,30
2021-04-27,0,0,5,4,4,31
2021-04-26,0,2,4,5,3,31
2021-04-25,0,4,2,5,3,31
2021-04-24,0,6,0,5,3,31
2021-04-23,0,4,0,7,3,30
2021-04-22,1,2,3,5,4,29
2021-04-21,0,3,5,3,4,29
2021-04-20,0,2,6,2,4,29
2021-04-19,0,0,8,1,4,30
2021-04-18,0,4,4,1,5,29
2021-04-17,0,6,2,1,5,29
2021-04-16,0,7,2,2,3,29
2021-04-15,0,4,1,3,4,28
2021-04-14,0,3,1,3,5,28
2021-04-13,0,1,4,3,7,30
2021-04-12,0,3,2,3,7,30
2021-04-11,0,5,0,3,7,30
2021-04-10,0,5,0,3,7,30
2021-04-09,0,3,3,0,7,30
2021-04-08,0,2,3,2,6,30
2021-04-07,0,0,4,2,5,30
2021-04-06,0,0,5,4,5,30
2021-04-05,0,3,4,4,4,30
2021-04-04,0,4,3,4,4,30
2021-04-03,0,5,2,4,5,29
2021-04-02,0,3,1,7,2,29
2021-04-01,1,3,1,6,2,29
2021-03-31,0,2,2,5,2,29
2021-03-30,0,2,3,5,1,29
2021-03-29,0,0,4,4,1,29
2021-03-28,0,1,3,4,3,27
2021-03-27,0,2,2,4,4,26
2021-03-26,0,3,4,1,4,26
2021-03-25,0,3,3,1,4,26
2021-03-24,0,2,3,2,4,26
2021-03-23,1,1,4,1,4,26
2021-03-22,0,3,1,1,4,26
2021-03-21,0,3,1,1,4,26
2021-03-20,0,4,1,1,4,26
2021-03-19,1,1,1,0,4,26
2021-03-18,1,3,1,2,3,26
2021-03-17,0,2,1,3,3,26
2021-03-16,1,0,2,4,4,26
2021-03-15,0,1,2,3,4,26
2021-03-14,0,2,1,3,4,26
2021-03-13,0,2,1,3,4,26
2021-03-12,0,3,1,6,1,26
2021-03-11,1,2,4,4,1,26
2021-03-10,0,2,4,5,0,26
2021-03-09,0,2,4,5,0,26
2021-03-08,0,1,3,5,0,27
2021-03-07,0,4,0,5,0,27
2021-03-06,0,4,0,5,0,27
2021-03-05,0,3,3,2,1,26
2021-03-04,1,0,4,1,1,26
2021-03-03,0,0,6,0,1,26
2021-03-02,0,0,6,0,2,26
2021-03-01,0,3,3,0,2,26
2021-02-28,0,5,1,0,2,26
2021-02-27,0,6,0,0,2,26
2021-02-26,1,4,0,0,3,25
2021-02-25,0,3,0,0,3,25
2021-02-24,1,1,1,1,3,28
2021-02-23,0,0,3,1,3,28
2021-02-22,0,2,4,1,3,28
2021-02-21,0,3,3,1,3,28
2021-02-20,1,4,1,1,3,28
2021-02-19,0,4,0,1,3,28
2021-02-18,0,4,0,1,3,28
2021-02-17,0,1,1,1,2,28
2021-02-16,0,0,1,1,2,28
2021-02-15,0,0,1,1,2,28
2021-02-14,0,0,1,1,2,28
2021-02-13,0,1,0,1,2,28
2021-02-12,0,2,0,1,2,28
2021-02-11,0,4,0,2,3,28
2021-02-10,0,2,4,4,2,28
2021-02-09,1,2,5,7,0,28
2021-02-08,0,2,5,7,1,28
2021-02-07,0,3,4,7,1,28
2021-02-06,1,5,1,7,1,28
2021-02-05,0,5,0,7,1,28
2021-02-04,1,4,3,4,2,27
2021-02-03,0,2,5,2,2,27
2021-02-02,0,1,7,0,2,27
2021-02-01,0,0,7,0,3,27
2021-01-31,0,3,4,0,3,27
2021-01-30,0,5,2,1,2,27
2021-01-29,0,7,0,1,2,27
2021-01-28,0,5,0,1,2,27
2021-01-27,1,4,1,2,1,27
2021-01-26,1,2,2,2,1,27
2021-01-25,0,2,1,2,1,27
2021-01-24,0,2,1,2,1,27
2021-01-23,0,2,2,1,1,27
2021-01-22,0,1,1,1,1,28
2021-01-21,0,1,1,1,2,27
2021-01-20,2,1,2,0,2,28
2021-01-19,0,1,2,2,2,28
2021-01-18,0,1,2,2,2,28
2021-01-17,0,2,1,2,2,28
2021-01-16,1,2,1,1,2,28
2021-01-15,0,2,2,1,3,27
2021-01-14,0,1,2,1,5,27
2021-01-13,1,2,2,1,5,28
2021-01-12,0,3,2,2,6,28
2021-01-10,0,2,1,3,6,29
2021-01-09,0,1,1,3,6,29
2021-01-08,0,2,0,3,7,28
2021-01-07,0,2,0,3,7,28
2021-01-06,0,3,0,3,8,27
2021-01-05,0,0,3,3,5,27
2021-01-04,0,0,3,3,5,29
2021-01-03,0,0,3,3,8,26
2021-01-02,0,0,3,3,9,25
2021-01-01,0,3,0,3,9,25
2020-12-31,0,3,0,4,9,24
2020-12-30,0,3,0,5,9,23
2020-12-29,1,0,5,4,8,23
2020-12-28,0,0,5,4,8,23
2020-12-27,0,0,5,4,8,23
2020-12-26,0,0,5,4,8,23
2020-12-25,0,5,0,4,8,23
2020-12-24,0,5,2,2,8,23
2020-12-23,0,5,3,2,7,23
2020-12-22,0,0,5,1,9,23
2020-12-21,0,0,8,2,9,23
2020-12-20,0,4,4,2,9,23
2020-12-19,0,7,1,2,10,22
2020-12-18,0,8,0,5,7,22
2020-12-17,2,7,0,7,6,21
2020-12-16,1,2,1,7,5,21
2020-12-15,0,2,3,10,4,22
2020-12-14,0,0,8,10,3,22
2020-12-13,0,3,5,10,3,22
2020-12-12,0,6,2,10,4,21
2020-12-11,0,6,5,7,6,21
2020-12-10,2,6,6,5,7,21
2020-12-09,2,6,9,3,8,21
2020-12-08,2,4,14,4,7,22
2020-12-07,0,7,12,4,8,22
2020-12-06,0,8,10,5,7,22
2020-12-05,0,13,5,6,7,22
2020-12-04,0,10,2,7,6,22
2020-12-03,0,11,1,7,6,22
2020-12-02,2,5,1,7,7,22
2020-12-01,4,2,3,6,7,23
2020-11-30,0,0,6,4,7,24
2020-11-29,0,2,5,4,6,24
2020-11-28,0,2,5,4,6,24
2020-11-27,0,4,4,5,4,24
2020-11-26,2,4,3,5,4,23
2020-11-25,0,6,3,7,3,23
2020-11-24,0,4,5,7,2,23
2020-11-23,1,4,4,6,2,23
2020-11-22,0,5,3,5,2,23
2020-11-21,0,5,3,5,2,23
2020-11-20,2,4,4,3,2,25
2020-11-19,2,2,4,2,2,28
2020-11-18,0,3,4,2,4,27
2020-11-17,0,2,6,1,4,27
2020-11-16,0,4,4,2,3,28
2020-11-15,0,4,3,2,3,28
2020-11-14,0,6,1,2,3,28
2020-11-13,0,5,0,3,3,28
2020-11-12,0,4,2,2,3,28
2020-11-11,0,2,2,3,2,28
2020-11-10,0,0,2,4,1,28
2020-11-09,0,0,3,3,2,27
2020-11-08,0,2,1,3,3,26
2020-11-07,1,2,1,3,3,26
2020-11-06,0,2,2,2,4,25
2020-11-05,0,2,1,2,6,24
2020-11-04,0,4,2,1,7,24
2020-11-03,0,3,3,0,7,24
2020-11-02,0,1,2,2,5,24
2020-11-01,0,1,2,2,5,24
2020-10-31,0,2,1,2,6,23
2020-10-30,0,2,0,2,6,23
2020-10-29,0,2,0,2,6,23
2020-10-28,0,1,0,3,5,23
2020-10-27,0,0,0,3,6,24
2020-10-26,0,0,2,1,6,24
2020-10-25,0,0,2,1,6,24
2020-10-24,0,0,2,1,6,24
2020-10-23,1,0,2,2,5,24
2020-10-22,0,2,0,3,4,25
2020-10-21,0,3,1,3,3,25
2020-10-20,0,2,1,4,2,25
2020-10-19,0,0,1,4,2,26
2020-10-18,0,0,1,4,3,25
2020-10-17,0,1,0,4,5,23
2020-10-16,0,1,1,3,5,23
2020-10-15,0,1,2,3,4,23
2020-10-14,0,0,4,2,4,23
2020-10-13,0,0,5,2,3,23
2020-10-12,0,3,4,2,4,23
2020-10-11,0,3,3,2,4,23
2020-10-10,0,5,1,2,5,22
2020-10-09,0,4,1,2,5,22
2020-10-08,0,7,1,1,5,22
2020-10-07,0,5,1,1,5,22
2020-10-06,0,4,2,1,5,24
2020-10-05,0,0,3,1,5,26
2020-10-04,0,1,2,1,5,26
2020-10-03,0,1,3,1,6,25
2020-10-02,0,6,0,2,6,25
2020-10-01,1,4,0,4,4,25
2020-09-30,0,4,0,5,5,25
2020-09-29,2,1,2,6,5,25
2020-09-28,0,0,2,7,5,26
2020-09-27,0,0,3,7,5,26
2020-09-26,0,0,4,7,4,26
2020-09-25,0,3,4,4,4,26
2020-09-24,0,4,6,3,3,26
2020-09-23,0,4,7,3,2,26
2020-09-22,0,2,6,3,2,26
2020-09-21,0,6,4,4,2,27
2020-09-20,0,9,1,4,3,26
2020-09-19,1,8,1,3,4,25
2020-09-18,1,5,1,3,5,24
2020-09-17,1,6,3,2,4,26
2020-09-16,0,2,6,1,4,26
2020-09-15,0,3,5,1,4,26
2020-09-14,0,7,5,3,4,28
2020-09-13,0,10,2,3,4,28
2020-09-12,0,9,1,4,4,28
2020-09-11,1,6,0,4,4,28
2020-09-10,0,2,1,4,5,27
2020-09-09,0,2,3,3,5,27
2020-09-08,0,1,6,1,5,27
2020-09-07,0,1,7,0,5,27
2020-09-06,0,2,5,0,5,27
2020-09-05,0,4,3,0,5,27
2020-09-04,0,6,1,1,4,27
2020-09-03,1,8,0,2,3,27
2020-09-02,0,5,2,5,2,32
2020-09-01,1,2,3,5,2,32
2020-08-31,0,3,3,5,2,32
2020-08-30,0,3,1,5,3,31
2020-08-29,0,4,1,5,3,30
2020-08-28,0,5,2,4,3,32
2020-08-27,1,5,4,2,3,32
2020-08-26,0,2,6,1,4,33
2020-08-25,0,5,6,4,4,33
2020-08-24,0,6,4,5,3,33
2020-08-23,0,8,2,5,3,33
2020-08-22,1,7,2,4,3,33
2020-08-21,1,3,2,4,4,33
2020-08-20,0,2,1,4,6,32
2020-08-19,0,1,3,4,6,32
2020-08-18,0,3,3,4,5,33
2020-08-17,0,2,4,3,5,34
2020-08-16,0,2,4,3,5,34
2020-08-15,0,3,2,3,5,34
2020-08-14,0,3,2,3,4,35
2020-08-13,0,6,1,4,6,34
2020-08-12,1,3,2,6,5,33
2020-08-11,0,3,4,4,5,34
2020-08-10,0,2,3,4,5,34
2020-08-09,0,2,3,4,5,34
2020-08-08,0,2,2,4,5,34
2020-08-07,0,4,1,3,6,34
2020-08-06,0,8,2,2,6,34
2020-08-05,0,5,5,2,8,34
2020-08-04,0,1,6,3,6,34
2020-08-03,0,2,5,3,6,34
2020-08-02,0,3,4,3,6,34
2020-08-01,0,6,1,3,6,34
2020-07-31,0,5,0,3,7,33
2020-07-30,4,7,0,3,8,33
2020-07-29,1,4,2,2,8,33
2020-07-28,0,2,5,4,5,33
2020-07-27,0,1,6,5,4,34
2020-07-26,0,1,6,5,4,34
2020-07-25,0,3,4,5,5,33
2020-07-24,0,6,1,4,5,33
2020-07-23,0,7,1,4,5,33
2020-07-22,0,6,2,5,4,33
2020-07-21,0,0,5,3,4,33
2020-07-20,0,1,5,6,4,35
2020-07-19,0,1,5,6,4,35
2020-07-18,0,2,5,5,4,35
2020-07-17,1,4,4,3,4,35
2020-07-16,0,5,3,3,4,35
2020-07-15,0,5,4,3,4,35
2020-07-14,0,2,3,4,5,34
2020-07-13,0,3,4,3,5,34
2020-07-12,0,3,4,3,6,33
2020-07-11,0,3,3,3,6,33
2020-07-10,0,4,2,3,8,35
2020-07-09,0,4,0,6,7,34
2020-07-08,0,4,2,5,7,34
2020-07-07,0,2,5,6,7,34
2020-07-06,0,0,8,4,8,35
2020-07-05,0,1,7,4,8,35
2020-07-04,0,3,5,4,8,35
2020-07-03,0,6,2,4,8,35
2020-07-02,0,7,4,2,7,35
2020-07-01,0,5,5,2,6,35
2020-06-30,0,2,9,5,3,36
2020-06-29,0,1,9,5,4,36
2020-06-28,0,4,5,6,4,35
2020-06-27,0,9,0,6,4,35
2020-06-26,0,9,0,9,3,35
2020-06-25,3,6,3,6,3,35
2020-06-24,1,0,6,5,3,35
2020-06-23,0,0,11,3,2,35
2020-06-22,0,1,12,3,2,35
2020-06-21,0,7,7,2,3,34
2020-06-20,0,8,5,2,3,34
2020-06-19,0,12,3,1,4,34
2020-06-18,1,6,3,1,4,34
2020-06-17,1,5,3,1,4,35
2020-06-16,4,1,9,1,5,36
2020-06-15,0,4,6,1,5,36
2020-06-14,0,4,5,1,5,36
2020-06-13,0,8,1,2,7,33
2020-06-12,0,7,1,4,5,33
2020-06-11,0,6,2,4,5,33
2020-06-10,2,1,2,4,6,32
2020-06-09,1,0,2,4,6,32
2020-06-08,0,1,1,7,6,32
2020-06-07,0,2,0,7,6,32
2020-06-06,0,2,1,6,7,31
2020-06-05,0,2,5,3,7,30
2020-06-04,0,1,7,3,7,30
2020-06-03,0,1,8,3,7,29
2020-06-02,0,1,7,3,7,29
2020-06-01,0,7,2,2,7,30
2020-05-31,0,7,2,2,7,30
2020-05-30,1,7,1,2,7,30
2020-05-29,1,1,2,2,7,30
2020-05-28,0,3,3,5,6,30
2020-05-27,0,1,6,4,6,30
2020-05-26,0,1,6,4,6,30
2020-05-25,0,2,5,5,5,30
2020-05-24,0,5,2,5,7,28
2020-05-23,0,7,0,5,7,28
2020-05-22,1,5,1,5,6,28
2020-05-21,0,3,4,3,5,28
2020-05-20,1,0,5,4,5,28
2020-05-19,0,1,5,4,6,28
2020-05-18,0,4,4,4,5,28
2020-05-17,0,5,1,4,5,28
2020-05-16,0,5,1,4,5,28
2020-05-15,0,4,2,4,4,28
2020-05-14,1,2,2,3,4,28
2020-05-13,3,3,5,3,3,28
2020-05-12,0,2,5,5,3,28
2020-05-11,0,2,7,5,3,28
2020-05-10,0,5,5,4,3,28
2020-05-09,0,7,3,5,2,28
2020-05-08,0,8,4,6,0,28
2020-05-07,0,7,4,7,1,27
2020-05-06,0,4,3,7,1,27
2020-05-05,0,5,5,6,1,27
2020-05-04,0,4,7,5,2,29
2020-05-03,0,4,6,4,2,29
2020-05-02,0,6,5,3,2,29
2020-05-01,0,5,8,0,2,30
2020-04-30,0,5,7,0,2,30
2020-04-29,2,5,7,1,2,30
2020-04-28,0,5,6,1,2,31
2020-04-27,0,8,1,1,6,29
2020-04-26,1,8,0,1,7,28
2020-04-25,0,7,0,1,8,27
2020-04-24,0,1,1,3,7,28
2020-04-23,1,0,2,5,6,29
2020-04-22,0,4,3,6,8,28
2020-04-21,0,4,4,5,7,28
2020-04-20,0,4,3,6,6,28
2020-04-19,0,2,3,6,6,28
2020-04-18,0,3,2,6,6,28
2020-04-17,0,4,1,5,6,28
2020-04-16,0,3,3,3,7,28
2020-04-15,0,2,4,3,6,28
2020-04-14,0,0,5,4,6,28
2020-04-13,0,2,6,3,6,28
2020-04-12,0,4,4,3,6,28
2020-04-11,0,5,3,5,4,28
2020-04-10,0,4,2,6,3,28
2020-04-09,0,7,1,7,4,27
2020-04-08,0,5,3,6,5,27
2020-04-07,0,3,4,6,4,27
2020-04-06,0,2,5,7,3,28
2020-04-05,0,4,3,7,3,28
2020-04-04,0,5,4,5,3,28
2020-04-03,0,4,4,4,3,28
2020-04-02,0,3,4,3,5,27
2020-04-01,0,3,5,3,4,27
2020-03-31,0,3,4,2,4,27
2020-03-30,0,5,4,2,5,28
2020-03-29,0,6,3,2,5,28
2020-03-28,0,5,2,2,6,27
2020-03-27,0,4,1,3,6,27
2020-03-26,0,4,0,4,6,26
2020-03-25,0,3,3,2,6,26
2020-03-24,1,1,4,3,5,26
2020-03-23,0,1,4,3,5,26
2020-03-22,0,2,3,3,5,26
2020-03-21,0,4,1,4,4,26
2020-03-20,0,4,1,3,4,26
2020-03-19,0,5,3,2,4,26
2020-03-18,0,3,3,2,4,26
2020-03-17,0,3,4,3,2,27
2020-03-16,0,2,2,3,2,27
2020-03-15,0,3,1,3,3,26
2020-03-14,0,4,2,2,3,26
2020-03-13,0,4,1,2,4,25
2020-03-12,0,3,1,3,3,25
2020-03-11,0,2,1,3,3,26
2020-03-10,0,1,3,2,4,24
2020-03-09,0,1,4,2,4,24
2020-03-08,0,1,4,2,4,24
2020-03-07,1,1,3,2,4,24
2020-03-06,0,4,0,2,6,23
2020-03-05,0,4,1,1,6,23
2020-03-04,0,3,1,1,7,23
2020-03-03,0,0,2,1,8,23
2020-03-02,0,0,3,1,8,23
2020-03-01,0,1,2,1,8,23
2020-02-29,0,2,1,2,7,23
2020-02-28,0,4,1,2,7,26
2020-02-27,1,3,1,2,8,25
2020-02-26,1,1,2,5,6,25
2020-02-25,0,0,3,5,6,26
2020-02-24,0,4,1,5,7,27
2020-02-23,0,4,1,8,4,27
2020-02-22,0,3,2,7,4,27
2020-02-21,0,1,3,6,4,27
2020-02-20,0,3,2,6,4,28
2020-02-19,0,3,5,5,4,29
2020-02-18,0,2,5,7,3,29
2020-02-17,0,3,4,7,3,29
2020-02-16,0,4,6,4,3,29
2020-02-15,0,6,3,4,3,29
2020-02-14,0,4,4,3,3,29
2020-02-13,1,4,5,4,1,29
2020-02-12,0,4,3,3,1,29
2020-02-11,0,5,4,3,0,29
2020-02-10,0,6,3,3,0,29
2020-02-09,0,3,2,3,0,29
2020-02-08,0,4,1,3,0,29
2020-02-07,1,3,0,3,0,31
2020-02-06,0,2,2,1,0,31
2020-02-05,0,1,2,1,0,32
2020-02-04,0,0,3,1,0,32
2020-02-03,0,0,3,1,0,32
2020-02-02,0,2,1,1,0,32
2020-02-01,0,2,1,1,0,32
2020-01-31,0,3,0,1,1,33
2020-01-30,0,3,1,0,1,33
2020-01-29,0,2,1,0,1,33
2020-01-28,0,0,2,0,1,37
2020-01-27,0,0,3,0,1,42
2020-01-26,0,3,1,0,2,41
2020-01-25,1,4,0,0,2,41
2020-01-24,0,7,0,0,2,41
2020-01-23,1,3,0,1,2,41
2020-01-22,1,1,1,1,3,41
2020-01-21,0,0,1,1,4,40
2020-01-20,0,0,1,2,3,40
2020-01-19,0,0,1,2,3,40
2020-01-18,0,1,0,2,3,40
2020-01-17,0,1,0,3,3,39
2020-01-16,1,1,0,3,3,39
2020-01-15,0,0,2,3,4,40
2020-01-14,0,2,3,3,6,43
2020-01-13,0,4,4,4,4,43
2020-01-12,0,4,4,4,4,43
2020-01-11,0,4,2,4,5,42
2020-01-10,0,3,3,3,8,40
2020-01-09,0,8,2,3,8,40
2020-01-08,1,4,2,3,8,40
2020-01-07,0,1,3,4,8,40
2020-01-06,0,3,2,2,10,40
2020-01-05,0,3,2,3,10,39
2020-01-04,0,3,2,4,9,39
2020-01-03,0,0,4,2,9,39
2020-01-02,0,4,2,3,8,39
2020-01-01,0,2,2,4,7,39
2019-12-31,0,4,2,5,6,39
2019-12-30,0,5,0,6,6,38
2019-12-29,0,5,1,5,6,38
2019-12-28,1,3,2,4,6,38
2019-12-27,0,0,2,4,6,38
2019-12-26,0,1,3,4,6,37
2019-12-25,0,1,3,5,4,37
2019-12-24,0,2,3,4,4,37
2019-12-23,0,2,5,3,4,37
2019-12-22,0,3,3,3,4,37
2019-12-21,1,4,2,4,4,36
2019-12-20,0,4,2,5,3,36
2019-12-19,0,4,1,4,5,35
2019-12-18,0,3,4,2,6,34
2019-12-17,1,2,4,3,6,34
2019-12-16,0,0,5,2,6,34
2019-12-15,0,1,4,2,6,34
2019-12-14,0,4,2,2,5,35
2019-12-13,0,4,3,1,5,35
2019-12-12,0,4,2,1,5,35
2019-12-11,1,1,2,1,7,36
2019-12-10,0,2,1,2,6,36
2019-12-09,0,2,0,3,6,35
2019-12-08,0,2,0,4,6,34
2019-12-07,0,2,1,3,8,33
2019-12-06,0,1,1,3,9,32
2019-12-05,0,1,1,5,10,29
2019-12-04,0,1,1,6,13,29
2019-12-03,0,1,1,8,12,28
2019-12-02,0,1,3,8,11,28
2019-12-01,0,1,4,7,11,28
2019-11-30,0,0,4,7,11,28
2019-11-29,0,1,3,7,12,27
2019-11-28,0,3,3,5,12,27
2019-11-27,0,4,2,5,12,27
2019-11-26,0,3,7,1,12,27
2019-11-25,0,3,7,0,13,27
2019-11-24,0,3,5,0,13,27
2019-11-23,0,4,5,3,10,27
2019-11-22,0,7,1,4,9,27
2019-11-21,0,7,0,5,8,27
2019-11-20,0,7,0,8,9,27
2019-11-19,1,2,1,12,5,28
2019-11-18,0,0,1,12,5,28
2019-11-17,0,0,3,11,4,28
2019-11-16,0,1,6,8,4,28
2019-11-15,0,1,6,8,4,27
2019-11-14,0,1,7,7,4,27
2019-11-13,0,3,6,7,5,26
2019-11-12,0,5,7,3,5,26
2019-11-11,0,6,6,3,5,26
2019-11-10,0,6,6,4,7,24
2019-11-09,0,6,7,3,7,24
2019-11-08,0,12,3,2,7,24
2019-11-07,0,9,4,1,7,24
2019-11-06,1,6,4,0,10,22
2019-11-05,1,2,5,1,10,22
2019-11-04,0,3,5,3,8,23
2019-11-03,0,4,3,3,9,22
2019-11-02,0,6,0,3,9,22
2019-11-01,0,5,0,3,9,22
2019-10-31,0,3,0,4,8,22
2019-10-30,1,1,0,5,7,23
2019-10-29,0,2,2,4,7,23
2019-10-28,0,1,3,4,5,23
2019-10-27,0,1,3,4,5,23
2019-10-26,0,2,3,5,5,24
2019-10-25,0,2,4,7,5,24
2019-10-24,0,6,3,5,6,23
2019-10-23,0,4,4,4,7,22
2019-10-22,0,3,6,5,7,22
2019-10-21,0,2,6,6,5,21
2019-10-20,0,4,4,6,5,21
2019-10-19,0,6,2,6,5,21
2019-10-18,0,6,4,5,4,21
2019-10-17,0,5,3,4,5,21
2019-10-16,0,3,3,6,4,21
2019-10-15,0,3,4,8,4,21
2019-10-14,0,6,5,4,5,20
2019-10-13,0,8,4,4,5,20
2019-10-12,0,6,4,4,6,19
2019-10-11,0,1,7,5,6,22
2019-10-10,0,5,4,4,7,21
2019-10-09,0,4,7,2,7,21
2019-10-08,0,7,6,4,6,21
2019-10-07,0,6,5,5,5,21
2019-10-06,0,9,2,5,5,21
2019-10-05,0,9,1,5,4,21
2019-10-04,0,5,3,4,4,21
2019-10-03,0,4,2,4,4,21
2019-10-02,0,2,2,7,3,22
2019-10-01,0,4,3,5,3,22
2019-09-30,0,2,5,4,3,22
2019-09-29,0,2,5,4,3,22
2019-09-28,0,2,5,4,3,21
2019-09-27,0,7,5,3,3,22
2019-09-26,0,8,3,3,2,23
2019-09-25,0,6,5,3,2,23
2019-09-24,0,5,5,4,1,23
2019-09-23,0,4,4,4,1,24
2019-09-22,0,7,1,4,3,22
2019-09-21,0,7,2,2,3,22
2019-09-20,0,5,2,2,3,22
2019-09-19,4,1,3,1,3,22
2019-09-18,2,0,3,2,4,22
2019-09-17,2,2,2,1,5,23
2019-09-16,0,4,3,1,5,23
2019-09-15,0,6,2,1,6,22
2019-09-14,2,5,1,1,6,22
2019-09-13,3,3,1,1,6,22
2019-09-12,2,2,1,2,5,22
2019-09-11,2,1,1,2,5,22
2019-09-10,1,0,1,2,5,22
2019-09-09,0,1,0,2,5,22
2019-09-08,0,2,0,2,6,21
2019-09-07,0,2,0,2,6,21
2019-09-06,2,0,1,3,4,21
2019-09-05,0,0,2,3,3,21
2019-09-04,1,0,3,3,3,21
2019-09-03,0,0,3,3,3,21
2019-09-02,0,2,2,3,3,21
2019-09-01,0,4,0,3,4,20
2019-08-31,1,3,0,3,4,20
2019-08-30,1,3,2,3,4,19
2019-08-29,2,1,3,2,4,19
2019-08-28,2,0,4,2,4,18
2019-08-27,0,0,4,2,4,18
2019-08-26,1,3,3,2,4,18
2019-08-25,0,4,2,2,4,18
2019-08-24,0,6,0,2,5,17
2019-08-23,3,4,1,3,5,16
2019-08-22,2,3,1,3,5,16
2019-08-21,4,2,2,2,5,16
2019-08-20,1,1,2,3,5,16
2019-08-19,2,2,1,3,6,15
2019-08-18,0,3,1,3,6,15
2019-08-17,1,3,0,3,7,14
2019-08-16,2,1,3,1,6,14
2019-08-15,1,1,3,1,9,14
2019-08-14,2,0,3,2,11,13
2019-08-13,0,0,3,3,10,13
2019-08-12,0,6,0,4,9,13
2019-08-11,0,6,0,4,9,13
2019-08-10,0,6,0,4,10,12
2019-08-09,6,0,1,3,10,12
2019-08-08,0,1,1,6,7,13
2019-08-07,1,1,2,7,5,13
2019-08-06,0,2,3,6,5,13
2019-08-05,2,1,4,6,4,13
2019-08-04,0,2,3,7,4,14
2019-08-03,0,3,2,8,3,14
2019-08-02,1,3,1,8,3,14
2019-08-01,1,3,4,5,2,14
2019-07-31,1,3,6,3,2,14
2019-07-30,2,2,6,4,2,14
2019-07-29,2,0,8,5,1,14
2019-07-28,0,6,4,5,1,14
2019-07-27,0,9,3,3,1,14
2019-07-26,1,8,3,3,2,13
2019-07-25,5,4,5,2,1,13
2019-07-24,4,1,6,2,2,16
2019-07-22,1,3,7,1,2,17
2019-07-21,0,10,1,1,2,17
2019-07-20,3,8,1,1,2,17
2019-07-19,1,8,1,2,4,23
2019-07-18,7,2,2,0,5,22
2019-07-17,3,1,2,0,5,22
2019-07-16,2,2,2,0,5,22
2019-07-15,1,2,2,0,5,22
2019-07-14,0,6,0,0,6,22
2019-07-13,2,4,0,0,7,21
2019-07-12,3,2,0,1,6,21
2019-07-11,2,0,0,1,6,21
2019-07-10,1,0,0,2,8,19
2019-07-09,0,0,0,3,8,19
2019-07-08,0,0,0,6,6,19
2019-07-07,0,0,2,6,6,19
2019-07-06,0,0,2,6,6,19
2019-07-05,0,1,3,5,5,19
2019-07-04,0,1,4,5,5,18
2019-07-03,0,2,4,4,5,18
2019-07-02,1,1,4,5,5,17
2019-07-01,0,3,4,3,6,16
2019-06-30,1,6,3,3,6,16
2019-06-29,1,6,2,3,7,15
2019-06-28,4,3,3,3,7,15
2019-06-27,1,5,2,3,7,14
2019-06-26,2,4,2,3,7,14
2019-06-25,1,4,4,3,8,13
2019-06-24,4,2,3,4,8,15
2019-06-23,0,3,2,4,8,15
2019-06-22,0,3,2,4,9,14
2019-06-21,2,2,1,4,9,14
2019-06-20,2,2,1,3,10,13
2019-06-19,1,3,2,3,10,13
2019-06-18,1,2,3,4,10,12
2019-06-17,2,1,6,2,10,12
2019-06-16,1,3,4,3,10,11
2019-06-15,0,4,3,4,9,11
2019-06-14,1,3,4,4,9,10
2019-06-13,2,4,2,5,8,10
2019-06-12,1,4,2,5,8,10
2019-06-11,0,9,3,5,7,10
2019-06-10,7,5,1,6,7,10
2019-06-09,3,3,2,6,6,10
2019-06-08,0,3,3,5,6,10
2019-06-07,2,2,3,4,6,10
2019-06-06,2,3,4,6,5,10
2019-06-05,2,2,4,5,6,9
2019-06-04,1,2,4,7,7,9
2019-06-03,4,3,4,6,7,9
2019-06-02,1,4,4,6,9,8
2019-06-01,1,4,5,4,10,7
2019-05-31,1,5,4,6,8,7
2019-05-30,3,3,4,6,8,5
2019-05-29,2,4,5,7,7,5
2019-05-28,3,4,5,6,6,6
2019-05-27,1,6,4,6,7,6
2019-05-26,1,6,4,5,7,6
2019-05-25,4,3,3,5,7,6
2019-05-24,1,5,4,4,9,8
2019-05-23,3,5,4,3,9,8
2019-05-22,3,5,4,3,11,8
2019-05-21,3,4,6,4,10,8
2019-05-20,2,3,6,5,8,9
2019-05-19,1,4,6,7,8,12
2019-05-18,0,7,4,6,8,12
2019-05-17,2,9,2,7,9,10
2019-05-16,3,7,2,10,9,8
2019-05-15,4,3,3,10,9,8
2019-05-14,1,2,5,8,8,8
2019-05-13,1,1,7,6,8,8
2019-05-12,0,2,8,4,9,7
2019-05-11,1,2,7,5,9,6
2019-05-10,0,5,5,5,8,6
2019-05-09,1,6,5,4,7,6
2019-05-08,0,7,3,5,6,6
2019-05-07,3,4,4,4,6,6
2019-05-06,3,5,4,5,6,6
2019-05-05,4,11,2,5,6,6
2019-05-04,4,7,3,4,6,6
2019-05-03,2,6,3,4,6,6
2019-05-02,9,3,5,4,6,6
2019-05-01,3,4,7,4,4,6
2019-04-30,3,4,6,6,2,6
2019-04-29,3,5,7,5,3,6
2019-04-28,0,9,6,6,3,7
2019-04-27,4,7,3,6,4,6
2019-04-26,3,7,3,6,3,6
2019-04-25,4,9,3,8,2,6
2019-04-24,4,8,8,5,2,6
2019-04-23,4,6,11,4,2,5
2019-04-22,4,4,9,3,2,6
2019-04-21,0,8,7,3,2,6
2019-04-20,0,12,4,3,2,6
2019-04-19,4,11,3,2,2,6
2019-04-18,5,9,3,1,4,4
2019-04-17,6,7,4,0,5,6
2019-04-16,8,5,4,0,5,7
2019-04-15,3,3,5,0,6,7
2019-04-14,1,6,3,0,6,7
2019-04-13,3,7,0,1,5,7
2019-04-12,3,9,0,1,5,7
2019-04-11,5,6,1,2,4,7
2019-04-10,6,1,0,3,4,8
2019-04-09,2,2,0,3,4,11
2019-04-08,2,1,1,3,6,12
2019-04-07,2,1,1,4,5,14
2019-04-06,1,0,2,3,5,14
2019-04-05,0,0,3,2,5,14
2019-04-04,0,2,3,1,5,17
2019-04-03,2,2,3,2,5,17
2019-04-02,1,2,2,4,3,17
2019-04-01,1,2,1,4,3,17
2019-03-31,0,3,2,4,2,17
2019-03-30,1,3,1,4,2,17
2019-03-29,2,2,1,4,2,17
2019-03-28,3,2,4,4,1,17
2019-03-27,2,2,3,5,0,17
2019-03-26,3,1,5,3,0,17
2019-03-25,0,2,4,3,0,17
2019-03-24,1,4,4,2,1,16
2019-03-23,1,4,4,2,1,16
2019-03-22,1,5,2,2,1,16
2019-03-21,3,4,2,1,1,16
2019-03-20,2,4,2,1,1,17
2019-03-19,2,3,5,1,1,17
2019-03-18,1,1,5,1,1,18
2019-03-17,1,4,3,0,1,18
2019-03-16,0,5,2,0,1,18
2019-03-15,0,6,1,0,3,16
2019-03-14,4,2,2,0,3,16
2019-03-13,1,3,1,0,3,16
2019-03-12,3,1,1,0,3,16
2019-03-11,0,2,0,0,4,16
2019-03-10,1,3,3,0,4,16
2019-03-09,2,4,1,0,5,15
2019-03-08,2,3,1,1,4,15
2019-03-07,0,3,0,1,4,15
2019-03-06,3,1,0,2,5,19
2019-03-05,2,1,1,3,5,19
2019-03-04,3,2,2,4,5,20
2019-03-03,0,4,2,3,5,20
2019-03-02,2,3,1,3,6,19
2019-03-01,2,3,3,2,6,20
2019-02-28,2,4,3,3,6,20
2019-02-27,3,2,4,4,3,21
2019-02-26,0,1,5,4,3,21
2019-02-25,1,3,4,5,3,21
2019-02-24,1,5,5,4,3,21
2019-02-23,0,8,2,5,2,21
2019-02-22,2,7,1,5,3,20
2019-02-21,2,4,1,6,2,20
2019-02-20,5,3,4,2,2,20
2019-02-19,1,2,4,3,3,21
2019-02-18,0,2,4,3,4,20
2019-02-17,1,1,4,3,5,19
2019-02-16,1,4,2,1,5,19
2019-02-15,0,4,2,1,5,19
2019-02-14,0,5,3,2,3,19
2019-02-13,4,2,3,2,3,20
2019-02-12,3,3,1,2,4,19
2019-02-11,2,3,1,2,4,19
2019-02-10,0,4,0,3,4,19
2019-02-09,2,2,0,3,4,19
2019-02-08,0,1,0,3,5,18
2019-02-07,2,1,2,1,5,18
2019-02-06,1,0,2,2,4,18
2019-02-05,0,0,2,2,4,18
2019-02-04,0,0,3,1,4,18
2019-02-03,0,4,2,1,5,18
2019-02-02,0,4,2,2,5,17
2019-02-01,2,3,1,3,4,17
2019-01-31,2,2,0,4,3,17
2019-01-30,0,2,1,3,3,17
2019-01-29,1,1,1,3,3,31
2019-01-28,1,0,2,5,3,31
2019-01-27,0,1,2,6,2,32
2019-01-26,0,3,1,5,2,32
2019-01-25,0,3,3,3,2,32
2019-01-24,1,2,4,2,2,32
2019-01-23,3,0,4,4,1,32
2019-01-22,0,1,4,5,1,32
2019-01-21,0,4,4,4,1,32
2019-01-20,0,6,3,3,3,30
2019-01-19,1,6,2,3,3,30
2019-01-18,2,3,2,3,3,30
2019-01-17,3,2,1,4,3,29
2019-01-16,4,2,4,2,4,29
2019-01-15,0,2,5,1,4,29
2019-01-14,2,2,5,1,4,30
2019-01-13,1,1,6,1,4,31
2019-01-12,0,6,1,1,4,31
2019-01-11,1,6,0,1,4,32
2019-01-10,1,8,2,0,4,33
2019-01-09,4,1,3,1,4,34
2019-01-08,0,2,2,1,4,34
2019-01-07,1,2,1,2,5,35
2019-01-06,0,3,0,2,5,35
2019-01-05,1,2,0,2,6,34
2019-01-04,2,1,2,3,7,32
2019-01-03,1,1,2,3,8,31
2019-01-02,1,1,2,3,8,31
2019-01-01,0,2,2,6,7,30
