is:open updated:{{param|relative_date}},>1|today,3..1|last 3 days,7..4|last week,14..8|last 2 weeks,30..15|last month,<30|more than a month
2024-05-12,0,2,0,1,3,32
2024-05-11,2,0,0,1,3,32
2024-05-10,0,1,0,0,3,32
2024-05-09,0,1,1,0,3,32
2024-05-08,1,0,1,0,3,32
2024-05-07,0,0,1,0,1,32
2024-05-06,0,0,0,2,1,32
2024-05-05,0,1,0,2,1,32
2024-05-04,0,1,0,2,0,32
2024-05-03,1,0,0,3,0,32
2024-05-02,1,1,0,3,0,32
2024-05-01,1,0,0,3,1,31
2024-04-30,0,0,0,1,1,31
2024-04-29,0,0,2,1,1,31
2024-04-28,0,0,2,1,1,31
2024-04-27,0,0,2,0,1,31
2024-04-26,0,0,1,0,1,31
2024-04-25,0,2,1,0,1,31
2024-04-24,0,2,1,0,1,31
2024-04-23,2,0,0,0,1,31
2024-04-22,0,6,0,0,1,31
2024-04-21,0,6,0,0,1,31
2024-04-20,6,0,0,0,1,31
2024-04-19,4,0,0,0,44,0
2024-04-18,2,0,1,0,44,0
2024-04-17,3,0,1,0,47,0
2024-04-16,1,0,2,0,46,0
2024-04-15,1,0,1,1,45,0
2024-04-14,0,1,1,2,45,0
2024-04-13,0,1,0,2,45,0
2024-04-12,2,1,0,2,45,0
2024-04-11,4,1,0,3,45,0
2024-04-10,4,0,1,3,47,0
2024-04-09,3,0,4,2,47,0
2024-04-08,0,1,7,1,47,0
2024-04-07,0,1,4,1,47,0
2024-04-06,1,4,2,1,47,0
2024-04-05,2,7,1,0,47,0
2024-04-04,8,3,1,0,0,0
2024-04-03,4,2,1,48,0,0
2024-04-02,4,1,1,48,0,0
2024-04-01,1,3,1,50,0,0
2024-03-31,0,5,0,51,0,0
2024-03-30,3,3,0,51,0,0
2024-03-29,5,2,0,51,0,0
2024-03-28,4,1,0,0,0,0
2024-03-27,5,2,52,0,0,0
2024-03-26,5,0,52,0,0,0
2024-03-25,1,0,52,0,0,0
2024-03-24,0,3,0,0,0,0
2024-03-23,0,55,0,0,0,0
2024-03-22,3,52,0,0,0,0
2024-03-21,55,0,0,0,0,0
2024-03-20,1,0,1,4,4,42
2024-03-19,0,0,0,4,3,43
2024-03-18,0,1,0,5,3,43
2024-03-17,0,1,0,5,3,43
2024-03-16,1,0,0,2,3,42
2024-03-15,0,0,3,3,2,42
2024-03-14,1,1,3,3,2,42
2024-03-13,1,1,4,3,1,42
2024-03-12,1,0,1,3,1,42
2024-03-11,0,3,2,3,1,42
2024-03-10,0,3,1,3,1,42
2024-03-09,3,1,1,2,1,42
2024-03-08,2,1,1,1,1,46
2024-03-07,1,2,2,1,1,47
2024-03-06,2,2,3,0,1,47
2024-03-05,3,0,4,0,2,46
2024-03-04,0,2,3,0,2,48
2024-03-03,0,4,2,0,2,48
2024-03-02,2,3,1,0,2,48
2024-03-01,5,2,0,0,1,48
2024-02-29,3,2,0,1,1,49
2024-02-28,3,1,0,1,1,50
2024-02-27,2,0,0,1,1,50
2024-02-26,1,0,1,1,1,51
2024-02-25,0,1,0,1,2,50
2024-02-24,0,2,0,1,3,49
2024-02-23,1,1,0,0,3,49
2024-02-22,2,0,1,0,4,49
2024-02-21,0,0,1,0,4,49
2024-02-20,0,0,1,0,4,49
2024-02-19,0,1,0,0,3,49
2024-02-18,0,2,0,1,3,49
2024-02-17,1,1,0,1,3,49
2024-02-16,1,0,0,1,3,49
2024-02-15,0,0,0,1,3,50
2024-02-14,0,0,0,1,3,50
2024-02-13,0,0,0,1,3,50
2024-02-12,0,1,0,0,3,50
2024-02-11,1,0,1,0,3,50
2024-02-10,1,0,1,0,2,50
2024-02-09,0,0,1,1,1,50
2024-02-08,0,0,0,2,1,50
2024-02-07,0,1,0,2,0,50
2024-02-06,1,1,0,3,0,50
2024-02-05,2,1,0,3,0,50
2024-02-04,0,1,0,3,0,51
2024-02-03,1,0,0,2,0,51
2024-02-02,0,0,1,1,0,51
2024-02-01,0,0,2,1,0,51
2024-01-31,0,0,2,0,0,51
2024-01-30,0,0,2,0,0,51
2024-01-29,0,1,1,0,0,51
2024-01-28,0,2,1,0,0,51
2024-01-27,1,1,0,0,0,51
2024-01-26,1,2,0,0,0,52
2024-01-25,2,1,0,0,0,52
2024-01-24,2,0,0,0,0,52
2024-01-23,0,0,0,0,0,53
2024-01-22,0,0,0,0,0,53
2024-01-21,0,0,0,0,1,52
2024-01-20,0,0,0,0,2,51
2024-01-19,0,0,0,0,2,51
2024-01-18,0,0,1,0,2,51
2024-01-17,0,0,1,1,2,51
2024-01-16,0,0,0,1,2,52
2024-01-15,0,2,0,1,2,52
2024-01-14,0,2,0,1,2,52
2024-01-13,2,0,0,1,2,52
2024-01-12,3,1,0,1,2,52
2024-01-11,2,2,0,0,2,52
2024-01-10,2,1,1,0,2,52
2024-01-09,1,0,1,0,2,52
2024-01-08,0,1,1,1,3,52
2024-01-07,0,1,0,1,3,52
2024-01-06,1,1,0,0,2,52
2024-01-05,4,1,1,1,1,52
2024-01-04,2,1,1,2,1,52
2024-01-03,2,0,1,3,2,53
2024-01-02,0,0,1,3,2,53
2024-01-01,0,1,1,3,2,53
2023-12-31,0,1,0,3,2,53
2023-12-30,1,1,0,2,2,53
2023-12-29,1,1,1,1,2,52
2023-12-28,1,0,2,1,2,52
2023-12-27,0,0,4,1,1,52
2023-12-26,0,0,2,2,1,52
2023-12-25,0,2,1,2,1,52
2023-12-24,0,3,0,2,1,52
2023-12-23,2,2,0,2,1,52
2023-12-22,3,1,0,1,1,52
2023-12-21,2,0,1,1,3,50
2023-12-20,2,0,1,0,3,50
2023-12-19,1,0,5,0,3,50
2023-12-18,0,0,2,0,3,50
2023-12-17,0,3,2,0,3,50
2023-12-16,0,3,0,0,4,49
2023-12-15,3,2,0,0,4,49
2023-12-14,1,2,0,0,4,49
2023-12-13,2,0,0,1,4,49
2023-12-12,2,1,0,1,4,50
2023-12-11,0,2,0,1,4,51
2023-12-10,2,0,0,1,4,51
2023-12-09,2,0,0,1,4,51
2023-12-08,6,0,0,1,5,51
2023-12-07,3,1,1,0,6,51
2023-12-06,1,1,2,0,5,51
2023-12-05,3,0,1,2,5,51
2023-12-04,0,2,2,2,6,52
2023-12-03,0,2,0,2,6,52
2023-12-02,2,2,0,2,6,52
2023-12-01,6,3,0,2,57,0
2023-11-30,8,1,0,3,57,0
2023-11-29,2,0,0,1,54,0
2023-11-28,2,1,2,5,55,0
2023-11-27,1,0,2,6,55,0
2023-11-26,0,0,2,6,55,0
2023-11-25,0,1,0,6,55,0
2023-11-24,0,3,0,5,55,0
2023-11-23,1,2,1,4,54,0
2023-11-22,3,0,2,1,54,0
2023-11-21,1,0,6,1,54,0
2023-11-20,0,1,5,2,54,0
2023-11-19,0,2,4,2,54,0
2023-11-18,1,2,0,2,54,0
2023-11-17,2,5,0,2,54,0
2023-11-16,1,4,0,1,0,0
2023-11-15,5,0,1,55,0,0
2023-11-14,0,2,2,54,0,0
2023-11-13,2,1,4,55,0,0
2023-11-12,0,3,3,55,0,0
2023-11-11,2,2,2,55,0,0
2023-11-10,1,2,0,56,0,0
2023-11-09,1,3,0,0,0,0
2023-11-08,1,3,56,0,0,0
2023-11-07,3,0,56,0,0,0
2023-11-06,0,1,58,0,0,0
2023-11-05,0,1,1,0,0,0
2023-11-04,1,57,0,0,0,0
2023-11-03,1,58,0,0,0,0
2023-11-02,58,1,0,0,0,0
2023-11-01,2,0,3,6,4,43
2023-10-31,0,0,1,8,4,44
2023-10-30,0,2,0,8,4,44
2023-10-29,0,3,0,8,4,44
2023-10-28,3,1,0,5,4,44
2023-10-27,2,0,3,4,4,44
2023-10-26,0,1,4,2,4,44
2023-10-25,0,1,6,0,4,44
2023-10-24,2,0,5,0,4,44
2023-10-23,0,4,4,1,4,44
2023-10-22,0,5,2,1,4,44
2023-10-21,4,3,0,1,4,44
2023-10-20,3,4,0,1,3,44
2023-10-19,3,4,1,3,1,45
2023-10-18,3,1,2,5,1,46
2023-10-17,4,0,2,7,1,46
2023-10-16,0,2,2,7,1,46
2023-10-15,0,4,1,7,1,46
2023-10-14,2,3,0,6,1,46
2023-10-13,2,2,1,4,0,46
2023-10-12,2,1,3,2,0,46
2023-10-11,3,0,6,1,0,46
2023-10-10,2,0,6,1,0,46
2023-10-09,0,1,6,1,0,46
2023-10-08,0,3,3,1,0,46
2023-10-07,1,5,2,1,1,45
2023-10-06,2,5,0,0,5,41
2023-10-05,4,4,1,0,6,43
2023-10-04,6,2,2,1,6,43
2023-10-03,4,1,3,0,6,43
2023-10-02,1,3,1,1,6,43
2023-10-01,0,6,1,1,7,43
2023-09-30,3,3,1,1,7,43
2023-09-29,6,0,0,1,7,43
2023-09-28,4,2,0,1,9,41
2023-09-27,4,1,1,1,9,41
2023-09-26,4,0,2,1,9,41
2023-09-25,0,3,3,1,9,42
2023-09-24,0,4,1,1,9,42
2023-09-23,3,3,0,1,9,42
2023-09-22,2,3,0,0,8,42
2023-09-21,4,1,1,1,3,42
2023-09-20,3,1,1,7,4,42
2023-09-19,2,0,2,8,4,42
2023-09-18,0,1,1,8,4,42
2023-09-17,0,4,1,8,4,42
2023-09-16,1,3,0,7,4,42
2023-09-15,3,2,1,6,4,42
2023-09-14,3,3,2,1,4,42
2023-09-13,5,0,8,0,3,42
2023-09-12,2,0,8,2,3,42
2023-09-11,1,1,8,2,3,42
2023-09-10,0,3,1,2,3,42
2023-09-09,2,8,0,2,3,41
2023-09-08,2,8,0,3,3,41
2023-09-07,9,1,0,3,3,41
2023-09-06,3,0,1,3,7,50
2023-09-05,0,0,5,1,6,53
2023-09-04,0,0,5,2,6,53
2023-09-03,0,2,5,2,6,53
2023-09-02,1,2,2,1,10,49
2023-09-01,4,3,1,1,11,48
2023-08-31,0,5,1,1,12,47
2023-08-30,6,2,1,1,12,46
2023-08-29,5,0,1,1,10,48
2023-08-28,1,2,3,4,10,48
2023-08-27,0,3,1,4,10,48
2023-08-26,2,3,1,4,10,48
2023-08-25,1,3,0,4,10,46
2023-08-24,4,1,0,6,10,46
2023-08-23,2,1,0,4,9,46
2023-08-22,1,1,2,3,9,46
2023-08-21,0,2,4,3,9,46
2023-08-20,1,1,4,3,11,44
2023-08-19,1,0,2,3,11,45
2023-08-18,0,2,0,1,7,45
2023-08-17,0,5,2,5,6,45
2023-08-16,2,3,2,5,6,44
2023-08-15,6,0,3,6,5,44
2023-08-14,0,4,3,9,5,44
2023-08-13,1,5,3,9,5,44
2023-08-12,3,2,2,9,5,44
2023-08-11,2,1,0,4,5,45
2023-08-10,2,3,8,3,4,45
2023-08-09,1,2,10,4,5,44
2023-08-08,4,0,10,4,5,44
2023-08-07,0,2,5,4,5,45
2023-08-06,1,8,2,4,5,45
2023-08-05,2,10,1,3,3,45
2023-08-04,8,4,1,5,3,45
2023-08-03,7,2,1,3,3,46
2023-08-02,4,2,5,3,4,45
2023-08-01,4,0,5,3,3,45
2023-07-31,0,1,5,4,3,45
2023-07-30,0,3,1,3,3,45
2023-07-29,1,6,1,1,3,45
2023-07-28,4,6,3,1,3,45
2023-07-27,8,3,3,1,4,44
2023-07-26,4,2,4,1,5,46
2023-07-25,4,1,0,1,2,46
2023-07-24,0,5,3,3,2,46
2023-07-23,1,5,4,3,2,46
2023-07-22,4,2,2,3,2,46
2023-07-21,3,4,1,3,2,48
2023-07-20,6,5,0,3,3,48
2023-07-19,7,2,0,4,3,51
2023-07-18,4,1,1,0,2,51
2023-07-17,1,4,4,1,2,52
2023-07-16,0,6,4,1,2,52
2023-07-15,5,1,4,1,2,52
2023-07-14,7,1,0,1,3,51
2023-07-13,6,4,0,1,5,49
2023-07-12,2,4,0,1,5,48
2023-07-11,6,0,0,1,5,48
2023-07-10,2,1,2,2,5,49
2023-07-09,0,2,1,2,5,49
2023-07-08,1,3,1,2,5,49
2023-07-07,2,2,0,2,6,49
2023-07-06,5,1,0,2,8,48
2023-07-05,1,1,4,2,5,48
2023-07-04,1,0,6,4,5,48
2023-07-03,0,2,4,4,5,48
2023-07-02,1,3,3,4,5,48
2023-07-01,1,3,0,3,6,48
2023-06-30,2,4,1,3,5,48
2023-06-29,1,3,2,3,6,47
2023-06-28,4,0,3,2,4,47
2023-06-27,1,2,4,5,3,48
2023-06-26,0,3,3,5,3,48
2023-06-25,2,2,3,5,2,48
2023-06-24,3,2,1,6,2,48
2023-06-23,3,4,1,5,3,47
2023-06-22,2,4,1,4,3,47
2023-06-21,5,1,4,2,2,47
2023-06-20,0,1,6,2,2,47
2023-06-19,1,2,6,2,2,47
2023-06-18,1,4,5,1,2,47
2023-06-17,2,3,3,1,4,45
2023-06-16,3,4,1,1,4,45
2023-06-15,2,6,1,1,6,45
2023-06-14,4,3,0,0,5,45
2023-06-13,6,1,1,1,6,46
2023-06-12,0,6,1,1,9,47
2023-06-11,2,4,1,1,9,47
2023-06-10,4,1,0,1,9,47
2023-06-09,5,2,0,2,7,45
2023-06-08,2,3,1,9,8,44
2023-06-07,2,1,1,6,6,44
2023-06-06,1,0,5,8,7,44
2023-06-05,0,0,4,8,7,44
2023-06-04,0,1,4,8,9,42
2023-06-03,0,1,0,8,9,42
2023-06-02,1,4,0,3,7,41
2023-06-01,0,4,5,5,7,41
2023-05-31,5,0,6,3,8,41
2023-05-30,0,2,10,3,8,41
2023-05-29,2,0,3,3,8,41
2023-05-28,1,7,2,3,8,41
2023-05-27,0,8,0,3,7,41
2023-05-26,8,3,0,1,7,41
2023-05-25,5,4,3,1,5,42
2023-05-24,6,2,4,3,4,42
2023-05-23,6,0,4,4,4,42
2023-05-22,1,4,0,4,4,42
2023-05-21,2,10,0,4,4,42
2023-05-20,3,8,0,3,2,42
2023-05-19,11,0,1,6,1,42
2023-05-18,2,2,4,6,2,41
2023-05-17,1,3,6,5,2,41
2023-05-16,5,0,5,6,1,41
2023-05-15,1,6,5,7,1,41
2023-05-14,0,6,2,7,1,41
2023-05-13,6,3,0,4,1,41
2023-05-12,4,6,3,3,1,41
2023-05-11,4,4,4,2,1,41
2023-05-10,6,0,5,1,1,41
2023-05-09,3,1,4,0,1,41
2023-05-08,0,5,4,0,1,41
2023-05-07,1,6,2,0,1,41
2023-05-06,4,4,1,1,1,41
2023-05-05,2,3,0,1,1,42
2023-05-04,3,3,1,1,1,43
2023-05-03,4,1,4,0,0,43
2023-05-02,2,0,6,1,1,44
2023-05-01,0,3,4,1,1,44
2023-04-30,1,5,1,1,0,44
2023-04-29,3,6,0,2,1,43
2023-04-28,6,4,0,2,2,42
2023-04-27,6,1,0,2,3,42
2023-04-26,6,0,1,1,4,42
2023-04-25,3,0,3,1,5,44
2023-04-24,1,3,1,1,6,44
2023-04-23,2,6,1,0,6,44
2023-04-22,2,4,1,0,7,43
2023-04-21,5,1,1,0,7,43
2023-04-20,3,1,1,0,9,41
2023-04-19,3,0,0,0,9,41
2023-04-18,5,1,0,0,9,41
2023-04-17,0,4,1,0,9,41
2023-04-16,3,2,1,0,9,41
2023-04-15,2,1,1,0,9,41
2023-04-14,1,2,0,0,9,40
2023-04-13,3,1,0,1,7,39
2023-04-12,1,2,0,4,8,38
2023-04-11,4,0,0,4,6,38
2023-04-10,0,1,0,7,6,38
2023-04-09,0,1,0,7,6,38
2023-04-08,1,0,0,7,6,38
2023-04-07,1,0,0,6,5,38
2023-04-06,0,1,1,4,5,38
2023-04-05,1,0,4,4,4,37
2023-04-04,0,0,4,3,4,37
2023-04-03,0,1,6,3,4,37
2023-04-02,0,2,3,3,4,37
2023-04-01,1,4,3,3,4,37
2023-03-31,1,3,0,2,4,37
2023-03-30,3,3,1,2,3,37
2023-03-29,2,3,1,1,2,39
2023-03-28,5,0,3,2,1,39
2023-03-27,1,0,3,3,1,40
2023-03-26,1,1,2,3,1,40
2023-03-25,1,2,0,3,1,40
2023-03-24,1,3,0,3,1,40
2023-03-23,2,2,0,2,1,40
2023-03-22,4,0,1,1,1,40
2023-03-21,1,0,5,0,0,40
2023-03-20,0,1,5,1,0,40
2023-03-19,0,2,3,1,0,40
2023-03-18,1,3,1,1,0,40
2023-03-17,2,4,0,1,0,40
2023-03-16,2,4,0,1,1,39
2023-03-15,6,1,0,1,1,39
2023-03-14,1,0,1,0,2,40
2023-03-13,0,3,1,0,3,41
2023-03-12,0,4,1,0,3,41
2023-03-11,3,1,1,0,3,40
2023-03-10,1,1,0,1,3,40
2023-03-09,1,2,0,1,4,40
2023-03-08,1,1,0,1,5,39
2023-03-07,2,0,0,1,5,39
2023-03-06,0,1,0,1,7,38
2023-03-05,0,1,0,1,7,38
2023-03-04,1,0,0,0,8,37
2023-03-03,2,2,1,1,8,37
2023-03-02,2,1,1,0,7,36
2023-03-01,3,0,2,3,6,37
2023-02-28,1,0,1,5,5,37
2023-02-27,0,1,1,7,5,37
2023-02-26,0,1,0,7,7,35
2023-02-25,1,1,0,7,8,34
2023-02-24,1,1,0,7,7,34
2023-02-23,2,1,1,4,7,34
2023-02-22,1,0,6,3,7,34
2023-02-21,0,2,5,1,6,34
2023-02-20,0,4,7,2,6,34
2023-02-19,2,2,3,2,5,34
2023-02-18,3,5,2,3,5,34
2023-02-17,1,6,0,2,4,34
2023-02-16,6,3,1,3,4,34
2023-02-15,1,3,1,4,3,36
2023-02-14,5,0,1,4,3,37
2023-02-13,0,2,2,3,3,37
2023-02-12,1,5,2,2,3,37
2023-02-11,2,4,3,2,2,36
2023-02-10,4,1,2,3,1,36
2023-02-09,2,2,2,4,2,36
2023-02-08,7,2,1,3,2,36
2023-02-07,5,4,2,3,2,36
2023-02-06,1,8,1,3,2,36
2023-02-05,8,2,1,3,2,36
2023-02-04,7,1,0,1,2,38
2023-02-03,6,2,2,0,4,37
2023-02-02,4,1,4,0,5,36
2023-02-01,6,0,5,0,6,36
2023-01-31,2,1,3,1,6,36
2023-01-30,1,9,2,1,6,36
2023-01-29,4,6,0,1,5,36
2023-01-28,8,3,0,2,5,36
2023-01-27,4,3,0,2,3,37
2023-01-26,7,1,1,4,3,38
2023-01-25,7,1,2,3,2,38
2023-01-24,7,0,2,4,2,38
2023-01-23,0,6,4,6,2,39
2023-01-22,0,9,1,5,2,39
2023-01-21,6,6,1,4,2,39
2023-01-20,7,5,2,1,2,39
2023-01-19,5,3,6,1,1,40
2023-01-18,7,0,6,2,0,41
2023-01-17,1,2,5,3,0,41
2023-01-16,0,8,2,3,0,41
2023-01-15,2,10,2,3,3,38
2023-01-14,8,4,1,2,3,38
2023-01-13,13,1,1,2,3,38
2023-01-12,11,3,2,1,7,35
2023-01-11,7,2,4,0,8,36
2023-01-10,3,0,5,0,8,38
2023-01-09,0,2,4,0,9,38
2023-01-08,0,3,2,0,9,38
2023-01-07,2,3,0,0,9,38
2023-01-06,3,4,0,0,11,36
2023-01-05,4,2,0,0,12,36
2023-01-04,5,0,0,1,12,36
2023-01-03,0,1,0,4,13,40
2023-01-02,1,0,0,5,13,40
2023-01-01,0,0,0,6,14,39
2022-12-31,0,0,0,6,11,39
2022-12-30,0,0,0,7,11,38
2022-12-29,0,0,2,7,10,38
2022-12-28,0,0,3,5,5,38
2022-12-27,0,0,6,10,5,38
2022-12-26,0,0,4,10,5,38
2022-12-25,0,2,3,10,5,38
2022-12-24,0,3,0,7,5,38
2022-12-23,2,4,3,6,5,38
2022-12-22,1,4,4,6,2,38
2022-12-21,4,0,5,4,2,38
2022-12-20,1,2,8,4,2,38
2022-12-19,0,5,6,4,3,37
2022-12-18,2,5,5,4,3,37
2022-12-17,4,3,0,3,2,37
2022-12-16,4,7,1,4,3,36
2022-12-15,5,8,1,1,2,36
2022-12-14,11,0,6,2,2,36
2022-12-13,2,0,8,2,3,44
2022-12-12,1,1,8,2,3,45
2022-12-11,0,2,2,2,3,45
2022-12-10,1,7,0,1,2,45
2022-12-09,2,8,1,3,2,45
2022-12-08,8,3,1,1,3,44
2022-12-07,8,1,4,1,3,44
2022-12-06,6,0,5,1,3,45
2022-12-05,0,1,4,1,3,48
2022-12-04,0,4,0,1,2,48
2022-12-03,2,7,0,1,3,47
2022-12-02,3,4,1,1,3,48
2022-12-01,6,3,1,1,2,48
2022-11-30,3,3,1,3,3,47
2022-11-29,12,0,0,3,5,49
2022-11-28,0,1,1,9,8,50
2022-11-27,0,1,0,7,8,50
2022-11-26,1,1,2,2,8,50
2022-11-25,0,1,7,2,7,50
2022-11-24,1,0,7,3,6,50
2022-11-23,1,0,6,3,6,48
2022-11-22,0,2,2,5,6,48
2022-11-21,0,7,2,5,6,48
2022-11-20,2,5,1,5,7,47
2022-11-19,6,1,0,5,6,47
2022-11-18,2,5,0,4,4,48
2022-11-17,5,1,2,5,4,48
2022-11-16,4,0,3,3,6,48
2022-11-15,3,0,5,3,6,48
2022-11-14,1,0,3,4,6,49
2022-11-13,0,4,2,4,6,49
2022-11-12,0,5,0,3,6,49
2022-11-11,4,3,1,1,7,48
2022-11-10,4,2,3,1,7,48
2022-11-09,5,0,3,1,6,48
2022-11-08,2,0,3,2,4,49
2022-11-07,0,2,3,4,4,49
2022-11-06,0,5,3,4,6,47
2022-11-05,2,3,2,4,5,47
2022-11-04,3,2,1,5,5,47
2022-11-03,3,3,1,5,5,47
2022-11-02,1,2,1,3,6,45
2022-11-01,3,0,2,2,5,45
2022-10-31,1,2,4,3,5,45
2022-10-30,0,3,4,3,5,45
2022-10-29,3,0,2,2,5,45
2022-10-28,1,3,1,2,5,45
2022-10-27,2,4,1,2,49,0
2022-10-26,3,2,1,2,49,0
2022-10-25,6,0,2,1,49,0
2022-10-24,0,4,3,1,51,0
2022-10-23,1,3,3,1,51,0
2022-10-22,4,0,1,1,49,0
2022-10-21,3,2,0,4,49,0
2022-10-20,3,4,0,4,50,0
2022-10-19,6,1,1,4,50,0
2022-10-18,2,0,5,3,48,0
2022-10-17,0,0,4,5,50,0
2022-10-16,0,2,3,4,50,0
2022-10-15,0,3,2,2,49,0
2022-10-14,2,3,3,3,49,0
2022-10-13,2,3,3,3,49,0
2022-10-12,3,1,3,3,0,0
2022-10-11,2,1,1,50,0,0
2022-10-10,0,3,3,51,0,0
2022-10-09,1,3,3,51,0,0
2022-10-08,3,1,2,49,0,0
2022-10-07,4,3,3,51,0,0
2022-10-06,4,5,3,51,0,0
2022-10-05,5,3,3,0,0,0
2022-10-04,6,0,52,0,0,0
2022-10-03,0,5,53,0,0,0
2022-10-02,0,6,53,0,0,0
2022-10-01,5,1,0,0,0,0
2022-09-30,1,56,0,0,0,0
2022-09-29,1,56,0,0,0,0
2022-09-28,57,0,0,0,0,0
2022-09-27,2,1,4,1,5,42
2022-09-26,0,2,2,3,5,42
2022-09-25,2,3,0,3,6,41
2022-09-24,0,6,0,3,5,41
2022-09-23,3,4,0,4,4,41
2022-09-22,5,2,0,5,4,40
2022-09-21,5,0,1,5,7,37
2022-09-20,4,0,3,3,7,37
2022-09-19,0,0,7,4,7,37
2022-09-18,0,0,5,4,8,36
2022-09-17,0,2,3,2,9,35
2022-09-16,1,4,2,1,9,35
2022-09-15,2,5,3,0,8,35
2022-09-14,5,3,4,1,7,35
2022-09-13,5,0,2,2,7,35
2022-09-12,0,4,1,3,7,35
2022-09-11,1,4,0,3,7,35
2022-09-10,4,2,0,3,6,35
2022-09-09,4,2,0,4,6,35
2022-09-08,5,1,0,3,8,34
2022-09-07,7,0,3,3,7,36
2022-09-06,0,0,5,3,4,36
2022-09-05,0,4,7,6,4,36
2022-09-04,0,5,5,6,4,36
2022-09-03,4,3,3,4,3,36
2022-09-02,3,5,2,5,2,36
2022-09-01,4,5,2,6,3,35
2022-08-31,5,3,2,6,3,35
2022-08-30,4,0,2,2,3,35
2022-08-29,0,5,7,2,3,35
2022-08-28,0,5,5,2,3,35
2022-08-27,5,2,4,1,3,35
2022-08-26,2,5,1,0,3,35
2022-08-25,4,6,2,0,3,37
2022-08-24,4,9,3,0,1,39
2022-08-23,10,1,1,2,1,39
2022-08-22,0,4,1,4,1,44
2022-08-21,2,3,0,4,1,44
2022-08-20,2,2,0,4,2,43
2022-08-19,2,2,0,5,2,43
2022-08-18,4,0,1,3,4,41
2022-08-17,3,1,3,0,4,40
2022-08-16,5,0,7,1,5,40
2022-08-15,0,4,9,1,5,40
2022-08-14,3,3,6,1,5,40
2022-08-13,3,5,2,1,5,40
2022-08-12,2,7,0,1,5,41
2022-08-11,7,6,0,1,5,42
2022-08-10,6,2,1,0,5,42
2022-08-09,5,0,2,2,7,41
2022-08-08,0,0,3,4,9,41
2022-08-07,0,1,1,3,9,41
2022-08-06,0,3,1,2,9,41
2022-08-05,1,3,2,2,7,41
2022-08-04,3,1,2,3,7,41
2022-08-03,4,0,2,2,4,41
2022-08-02,1,1,2,6,1,41
2022-08-01,0,3,2,9,1,41
2022-07-31,1,2,1,9,1,41
2022-07-30,3,1,0,9,1,41
2022-07-29,3,2,0,6,6,36
2022-07-28,5,2,3,6,6,36
2022-07-27,1,2,3,3,6,36
2022-07-26,5,0,7,0,6,36
2022-07-25,0,2,8,1,5,37
2022-07-24,0,5,6,2,5,37
2022-07-23,2,5,3,2,6,36
2022-07-22,3,5,0,2,8,34
2022-07-21,6,6,0,2,8,35
2022-07-20,5,5,1,3,8,35
2022-07-19,7,0,1,3,9,35
2022-07-18,2,5,3,5,9,36
2022-07-17,1,6,2,5,10,35
2022-07-16,6,3,2,4,10,35
2022-07-15,4,4,2,1,10,35
2022-07-14,6,1,5,1,6,34
2022-07-13,2,4,7,6,6,34
2022-07-12,4,2,6,6,7,34
2022-07-11,1,5,2,6,7,34
2022-07-10,2,8,0,6,7,34
2022-07-09,4,7,0,6,7,34
2022-07-08,8,2,0,5,4,34
2022-07-07,9,0,4,3,4,34
2022-07-06,0,0,10,8,4,34
2022-07-05,0,1,8,8,4,34
2022-07-04,0,3,5,8,4,34
2022-07-03,1,5,0,8,4,34
2022-07-02,4,8,0,8,3,34
2022-07-01,4,5,0,6,3,34
2022-06-30,13,0,3,1,2,34
2022-06-29,3,1,8,2,5,43
2022-06-28,4,0,9,3,3,43
2022-06-27,0,3,6,6,4,43
2022-06-26,0,6,1,6,3,43
2022-06-25,3,8,0,5,2,43
2022-06-24,4,6,2,6,0,43
2022-06-23,8,1,2,9,0,43
2022-06-22,4,0,7,10,0,45
2022-06-21,0,1,7,6,0,46
2022-06-20,0,6,9,6,0,46
2022-06-19,1,7,6,5,0,46
2022-06-18,6,5,5,3,1,45
2022-06-17,4,6,3,0,1,45
2022-06-16,6,8,6,0,4,42
2022-06-15,7,5,6,0,6,40
2022-06-14,12,2,4,0,6,40
2022-06-13,1,9,5,1,8,42
2022-06-12,3,9,3,1,8,42
2022-06-11,8,6,2,1,8,42
2022-06-10,7,9,0,1,12,40
2022-06-09,9,4,1,1,16,40
2022-06-08,7,4,6,0,14,40
2022-06-07,7,3,11,2,16,40
2022-06-06,0,8,3,2,17,41
2022-06-05,5,11,2,2,18,40
2022-06-04,6,9,0,2,19,39
2022-06-03,10,3,0,2,18,37
2022-06-02,4,3,1,8,22,35
2022-06-01,4,0,2,5,20,34
2022-05-31,0,1,9,8,14,34
2022-05-30,0,3,3,14,14,34
2022-05-29,1,8,3,14,14,33
2022-05-28,3,6,0,15,15,32
2022-05-27,8,4,0,10,15,31
2022-05-26,0,6,10,11,13,31
2022-05-25,6,1,10,10,15,28
2022-05-24,4,0,16,5,16,28
2022-05-23,1,2,9,5,16,28
2022-05-22,3,13,9,4,17,27
2022-05-21,2,13,7,4,15,27
2022-05-20,14,4,1,5,14,27
2022-05-19,5,17,2,5,13,26
2022-05-18,12,7,3,7,11,25
2022-05-17,11,1,4,11,10,27
2022-05-16,0,6,5,14,10,28
2022-05-15,4,3,1,14,11,27
2022-05-14,6,5,0,11,10,27
2022-05-13,3,6,3,9,9,27
2022-05-12,6,3,6,6,8,27
2022-05-11,6,3,12,4,8,27
2022-05-10,5,0,13,3,5,27
2022-05-08,0,9,5,6,6,26
2022-05-07,6,10,1,5,5,26
2022-05-06,8,12,1,5,5,26
2022-05-05,12,7,4,4,8,23
2022-05-04,9,3,9,5,6,24
2022-05-03,9,0,13,3,5,25
2022-05-02,1,3,16,4,5,27
2022-05-01,0,10,6,4,5,27
2022-04-30,3,18,5,3,4,27
2022-04-29,8,14,1,4,4,27
2022-04-28,13,9,2,4,4,27
2022-04-27,15,6,3,3,4,27
2022-04-26,14,0,5,2,4,27
2022-04-25,1,2,6,2,4,46
2022-04-24,0,8,6,2,4,46
2022-04-23,2,7,3,0,4,45
2022-04-22,9,4,2,1,4,45
2022-04-21,3,7,2,1,4,45
2022-04-20,7,3,2,1,1,45
2022-04-19,7,0,2,5,1,46
2022-04-18,1,7,4,6,1,46
2022-04-17,3,6,2,6,1,46
2022-04-16,7,4,2,4,1,46
2022-04-15,7,2,2,4,2,45
2022-04-14,3,5,3,3,2,46
2022-04-13,3,5,5,2,2,46
2022-04-12,5,0,5,1,2,46
2022-04-11,0,8,6,1,2,46
2022-04-10,1,8,4,1,2,46
2022-04-09,8,2,1,1,2,46
2022-04-08,2,5,0,1,1,47
2022-04-07,3,4,0,1,2,46
2022-04-06,3,1,1,1,2,46
2022-04-05,4,0,1,1,2,46
2022-04-04,0,3,1,1,2,46
2022-04-03,0,3,0,1,2,46
2022-04-02,3,1,0,1,4,44
2022-04-01,3,1,0,0,4,44
2022-03-31,5,0,1,0,3,45
2022-03-30,8,0,3,1,3,45
2022-03-29,7,0,5,1,3,45
2022-03-28,0,2,4,2,3,45
2022-03-27,0,6,1,2,3,45
2022-03-26,2,7,0,1,4,44
2022-03-25,6,4,1,1,4,44
2022-03-24,4,1,1,0,5,44
2022-03-23,3,0,2,0,4,45
2022-03-22,1,0,1,1,4,45
2022-03-21,0,5,1,1,4,46
2022-03-20,0,5,0,1,4,46
2022-03-19,5,1,0,1,4,46
2022-03-18,4,1,0,2,2,46
2022-03-17,6,2,0,4,1,46
2022-03-16,3,0,0,3,1,46
2022-03-15,2,0,3,3,1,46
2022-03-14,0,2,2,3,1,46
2022-03-13,0,3,2,3,1,46
2022-03-12,2,1,0,3,1,46
2022-03-11,2,2,0,1,0,46
2022-03-10,2,4,2,1,0,46
2022-03-09,4,1,3,1,3,43
2022-03-08,3,0,6,1,3,44
2022-03-07,0,3,4,2,3,44
2022-03-06,2,4,3,2,4,43
2022-03-05,2,4,0,2,5,42
2022-03-04,4,4,0,0,5,42
2022-03-03,6,3,2,0,5,42
2022-03-02,5,0,2,0,6,43
2022-03-01,4,1,2,3,7,43
2022-02-28,0,4,0,4,7,43
2022-02-27,2,5,0,4,7,43
2022-02-26,3,3,0,3,7,42
2022-02-25,4,1,1,4,7,42
2022-02-24,2,0,1,2,7,43
2022-02-23,0,0,3,2,7,43
2022-02-22,0,1,2,1,4,43
2022-02-21,0,2,3,4,4,43
2022-02-20,1,1,1,4,4,43
2022-02-19,2,2,1,3,3,43
2022-02-18,1,3,1,4,2,43
2022-02-17,3,1,1,5,1,43
2022-02-16,1,1,4,9,2,44
2022-02-15,2,0,3,6,1,44
2022-02-14,0,3,6,7,1,44
2022-02-13,0,3,4,7,1,44
2022-02-12,3,2,3,3,1,44
2022-02-11,3,3,4,2,0,44
2022-02-10,4,5,5,2,1,45
2022-02-09,4,3,6,2,1,45
2022-02-08,5,0,2,1,2,45
2022-02-07,0,6,2,2,2,45
2022-02-06,0,8,1,2,3,44
2022-02-05,6,3,1,2,3,44
2022-02-04,7,1,0,2,5,43
2022-02-03,6,1,1,1,7,42
2022-02-02,3,1,2,1,7,42
2022-02-01,4,0,4,0,7,42
2022-01-31,1,0,5,0,7,43
2022-01-30,0,2,3,0,7,43
2022-01-29,1,3,1,0,7,43
2022-01-28,2,4,0,0,7,43
2022-01-27,4,3,0,0,5,44
2022-01-26,5,1,0,2,4,45
2022-01-25,3,0,0,4,3,46
2022-01-24,0,1,0,6,3,46
2022-01-23,0,1,0,6,3,46
2022-01-22,1,0,0,5,3,45
2022-01-21,1,0,1,6,3,45
2022-01-20,1,0,1,4,3,44
2022-01-19,2,0,3,3,2,44
2022-01-18,0,0,4,3,2,44
2022-01-17,0,2,5,3,2,44
2022-01-16,0,2,3,3,2,44
2022-01-15,2,2,1,2,2,44
2022-01-14,1,4,1,2,5,41
2022-01-13,2,3,1,1,16,30
2022-01-12,3,2,2,0,16,30
2022-01-11,4,0,2,0,18,30
2022-01-10,0,3,3,1,18,30
2022-01-09,0,3,1,1,18,30
2022-01-08,3,2,0,1,19,29
2022-01-07,3,3,0,0,19,29
2022-01-06,3,1,1,1,19,29
2022-01-05,3,0,1,2,18,29
2022-01-04,0,0,3,3,17,29
2022-01-03,0,1,2,4,17,29
2022-01-02,0,2,2,4,17,29
2022-01-01,1,1,0,4,17,29
2021-12-31,2,2,0,3,18,28
2021-12-30,0,2,1,3,16,27
2021-12-29,2,0,2,6,4,27
2021-12-28,0,0,4,16,4,27
2021-12-27,0,0,4,16,4,27
2021-12-26,0,2,3,16,4,27
2021-12-25,0,3,2,16,4,27
2021-12-24,2,2,0,16,3,26
2021-12-23,3,3,0,14,4,25
2021-12-22,3,2,4,2,4,25
2021-12-21,4,0,18,2,4,26
2021-12-20,1,1,23,3,4,26
2021-12-19,1,1,15,3,4,26
2021-12-18,0,10,0,2,4,26
2021-12-17,1,24,1,0,5,25
2021-12-16,11,15,3,0,4,25
2021-12-15,18,2,3,2,8,20
2021-12-14,7,0,2,3,18,23
2021-12-13,0,8,1,3,18,23
2021-12-12,1,11,1,3,18,23
2021-12-11,8,4,1,3,18,23
2021-12-10,7,1,1,5,18,24
2021-12-09,4,1,3,3,19,22
2021-12-08,1,1,8,1,18,22
2021-12-07,1,0,8,2,18,22
2021-12-06,0,5,6,2,18,22
2021-12-05,1,6,3,2,18,22
2021-12-04,5,5,0,2,18,22
2021-12-03,5,6,0,2,18,22
2021-12-02,4,3,0,1,19,20
2021-12-01,6,0,1,1,19,21
2021-11-30,3,0,2,3,6,22
2021-11-29,0,0,4,19,6,22
2021-11-28,0,1,2,19,6,22
2021-11-27,0,3,1,19,6,22
2021-11-26,1,3,0,18,6,21
2021-11-25,2,2,1,17,6,20
2021-11-24,3,1,3,18,4,20
2021-11-23,5,0,3,5,4,20
2021-11-22,0,4,19,5,4,20
2021-11-21,0,5,16,5,4,20
2021-11-20,4,4,16,5,4,20
2021-11-19,3,4,0,3,4,20
2021-11-18,6,17,2,2,5,20
2021-11-17,5,19,5,0,3,20
2021-11-16,20,0,7,2,2,20
2021-11-15,0,3,7,6,2,33
2021-11-14,0,6,4,6,3,32
2021-11-13,3,6,0,6,3,32
2021-11-12,4,7,0,5,3,32
2021-11-11,6,4,1,5,2,32
2021-11-10,12,2,2,5,2,31
2021-11-09,10,0,6,2,3,33
2021-11-08,0,2,11,2,3,33
2021-11-07,1,5,9,2,3,33
2021-11-06,1,6,6,2,4,32
2021-11-05,5,5,0,2,4,32
2021-11-04,5,9,0,1,6,30
2021-11-03,7,6,1,0,7,30
2021-11-02,15,0,2,0,7,30
2021-11-01,0,11,4,0,7,32
2021-10-31,6,6,3,0,7,32
2021-10-30,11,2,1,0,5,32
2021-10-29,10,4,0,3,5,33
2021-10-28,5,4,2,2,5,33
2021-10-27,8,3,5,2,6,33
2021-10-26,9,0,5,2,5,35
2021-10-25,0,1,5,3,5,35
2021-10-24,0,8,0,3,4,35
2021-10-23,2,12,0,2,4,35
2021-10-22,8,5,2,2,4,34
2021-10-21,12,0,2,3,4,33
2021-10-20,3,3,4,5,2,35
2021-10-19,5,1,3,6,2,35
2021-10-18,2,5,4,8,2,36
2021-10-17,1,5,3,7,2,36
2021-10-16,5,1,2,7,4,34
2021-10-15,2,3,1,4,6,34
2021-10-14,3,3,5,2,6,34
2021-10-13,3,2,6,0,6,34
2021-10-12,2,3,11,0,6,35
2021-10-11,0,3,5,0,6,36
2021-10-10,3,8,2,0,6,36
2021-10-09,2,11,1,0,7,35
2021-10-08,14,5,0,0,8,35
2021-10-07,12,3,0,1,7,36
2021-10-06,6,4,2,1,7,36
2021-10-05,7,0,3,3,7,36
2021-10-04,0,8,4,5,7,36
2021-10-03,7,1,1,5,7,36
2021-10-02,8,3,0,5,7,36
2021-10-01,2,5,1,5,5,36
2021-09-30,11,2,1,5,3,36
2021-09-29,5,3,4,5,3,36
2021-09-28,6,1,5,4,4,35
2021-09-27,2,6,5,4,4,35
2021-09-26,4,6,3,4,4,35
2021-09-25,4,5,1,5,4,35
2021-09-24,4,6,0,3,3,35
2021-09-23,9,4,2,1,1,35
2021-09-22,4,3,7,4,1,35
2021-09-21,6,0,7,4,1,35
2021-09-20,1,2,5,4,1,35
2021-09-19,1,7,0,4,1,35
2021-09-18,3,10,0,4,1,35
2021-09-17,5,6,0,3,2,35
2021-09-16,12,2,1,0,3,34
2021-09-15,6,1,5,0,4,33
2021-09-14,6,0,7,0,5,33
2021-09-13,2,5,5,0,4,33
2021-09-12,1,8,1,1,4,33
2021-09-11,5,8,0,1,4,33
2021-09-10,5,5,0,1,5,33
2021-09-09,5,1,0,1,6,33
2021-09-08,8,0,1,1,5,34
2021-09-07,0,0,4,2,5,34
2021-09-06,0,3,2,1,5,34
2021-09-05,0,5,1,1,6,33
2021-09-04,3,4,1,1,5,33
2021-09-03,5,2,1,2,5,33
2021-09-02,6,1,0,3,5,32
2021-09-01,5,2,1,3,4,32
2021-08-31,2,2,4,3,2,32
2021-08-30,1,3,3,5,2,32
2021-08-29,1,4,3,5,2,32
2021-08-28,3,3,1,4,2,32
2021-08-27,4,4,1,4,2,32
2021-08-26,4,4,1,3,3,31
2021-08-25,6,1,2,2,4,30
2021-08-24,9,0,3,0,4,30
2021-08-23,0,6,5,0,4,30
2021-08-22,0,9,3,0,5,29
2021-08-21,6,5,2,0,4,29
2021-08-20,10,3,0,1,4,29
2021-08-19,8,4,0,1,5,28
2021-08-18,8,2,0,2,4,28
2021-08-17,8,0,2,3,4,28
2021-08-16,0,4,2,3,6,34
2021-08-15,0,5,1,3,6,34
2021-08-14,5,2,0,2,5,34
2021-08-13,6,3,1,3,6,34
2021-08-12,5,2,2,2,7,33
2021-08-11,9,0,4,2,6,33
2021-08-10,3,1,3,4,6,33
2021-08-09,0,8,3,5,6,33
2021-08-08,4,4,2,5,6,33
2021-08-07,8,2,1,4,4,33
2021-08-06,3,5,2,5,4,34
2021-08-05,3,3,2,5,4,34
2021-08-04,6,1,2,4,3,34
2021-08-03,6,2,3,4,3,35
2021-08-02,1,10,3,4,3,35
2021-08-01,5,8,3,4,2,35
2021-07-31,10,3,2,2,2,35
2021-07-30,5,4,3,2,2,35
2021-07-29,4,10,3,2,2,34
2021-07-28,5,7,3,2,1,34
2021-07-27,9,0,1,4,1,34
2021-07-26,0,7,2,4,1,34
2021-07-25,1,9,1,2,2,33
2021-07-24,7,4,2,2,2,33
2021-07-23,7,4,3,2,4,33
2021-07-22,9,3,3,2,4,33
2021-07-21,7,1,3,1,4,34
2021-07-20,4,2,3,1,4,35
2021-07-19,1,5,3,2,5,34
2021-06-15,1,1,7,3,4,29
2021-06-14,0,2,8,1,4,29
2021-06-13,0,4,6,1,4,29
2021-06-12,0,6,4,1,4,29
2021-06-11,1,7,2,1,4,29
2021-06-10,1,8,1,1,4,29
2021-06-09,0,6,2,1,4,29
2021-06-08,1,3,3,3,1,31
2021-06-07,0,4,4,3,1,31
2021-06-06,0,6,2,3,1,31
2021-06-05,0,7,1,3,1,31
2021-06-04,0,5,0,3,1,31
2021-06-03,2,4,0,3,1,31
2021-06-02,4,5,1,3,2,30
2021-06-01,0,1,7,3,1,30
2021-05-31,0,4,4,3,1,30
2021-05-30,0,5,3,3,1,30
2021-05-29,1,4,3,3,1,30
2021-05-28,3,5,2,1,1,30
2021-05-27,2,6,2,1,1,30
2021-05-26,0,7,2,1,1,30
2021-05-25,3,4,7,0,1,31
2021-05-24,0,8,3,0,1,31
2021-05-23,1,8,2,0,1,31
2021-05-22,2,7,1,0,2,30
2021-05-21,3,5,0,1,2,30
2021-05-20,2,5,0,1,2,31
2021-05-19,4,2,1,1,2,31
2021-05-18,1,0,1,2,2,32
2021-05-17,0,9,2,2,1,33
2021-05-16,0,10,1,2,1,33
2021-05-15,0,10,1,2,1,33
2021-05-14,0,6,1,2,4,30
2021-05-13,2,3,0,2,5,29
2021-05-12,2,1,0,3,7,28
2021-05-11,1,4,2,2,7,28
2021-05-09,0,4,3,2,7,27
2021-05-08,1,3,3,2,8,26
2021-05-07,1,6,1,2,8,26
2021-05-06,0,7,1,2,7,26
2021-05-05,2,4,1,2,8,26
2021-05-04,0,8,2,2,8,26
2021-05-03,0,3,5,2,7,27
2021-05-02,0,6,2,2,8,26
2021-05-01,0,7,1,2,8,26
2021-04-30,0,7,1,2,9,25
2021-04-29,1,7,1,1,10,25
2021-04-28,2,6,1,4,8,24
2021-04-27,0,5,3,5,7,24
2021-04-26,0,4,6,5,6,24
2021-04-25,0,7,3,5,6,24
2021-04-24,0,8,2,5,6,24
2021-04-23,1,5,3,6,5,24
2021-04-22,1,6,2,7,4,24
2021-04-21,0,7,5,4,4,24
2021-04-20,0,7,5,4,3,24
2021-04-19,0,5,6,4,4,24
2021-04-18,0,6,5,4,6,22
2021-04-17,1,8,2,4,6,22
2021-04-16,1,9,2,4,5,22
2021-04-15,0,8,3,2,5,22
2021-04-14,0,8,3,3,4,22
2021-04-13,0,6,9,3,5,22
2021-04-12,0,9,4,6,4,22
2021-04-11,0,11,2,6,4,22
2021-04-10,0,11,2,6,4,22
2021-04-09,0,11,1,5,4,22
2021-04-08,1,6,1,7,5,23
2021-04-07,0,4,3,6,5,23
2021-04-06,0,0,11,6,4,23
2021-04-05,0,5,10,3,4,23
2021-04-04,0,6,9,3,4,23
2021-04-03,0,7,8,3,4,23
2021-04-02,0,9,3,6,1,23
2021-04-01,1,10,1,6,0,24
2021-03-31,0,8,2,6,0,24
2021-03-30,0,4,7,5,0,24
2021-03-29,0,0,8,6,0,24
2021-03-28,0,3,5,6,0,24
2021-03-27,0,3,5,6,1,23
2021-03-26,0,7,5,2,1,23
2021-03-25,0,7,6,0,1,23
2021-03-24,0,6,7,0,1,23
2021-03-23,2,3,7,0,1,24
2021-03-22,0,7,3,0,1,24
2021-03-21,0,9,1,0,1,24
2021-03-20,3,8,0,0,1,24
2021-03-19,1,4,0,1,3,24
2021-03-18,1,6,0,1,4,24
2021-03-17,5,0,0,2,4,24
2021-03-16,2,2,1,4,4,24
2021-03-15,0,2,3,4,3,24
2021-03-14,0,3,2,4,3,24
2021-03-13,0,3,2,4,4,23
2021-03-12,2,3,3,3,3,23
2021-03-11,1,4,4,5,1,23
2021-03-10,1,3,4,5,1,23
2021-03-09,0,3,5,5,1,23
2021-03-08,0,5,3,4,1,23
2021-03-07,0,7,1,4,1,23
2021-03-06,0,7,1,4,1,23
2021-03-05,1,5,2,3,1,23
2021-03-04,1,4,4,0,1,23
2021-03-03,0,4,5,0,1,23
2021-03-02,0,4,6,0,1,23
2021-03-01,0,5,5,0,1,23
2021-02-28,1,8,1,0,1,23
2021-02-27,1,9,0,0,2,22
2021-02-26,2,7,0,0,2,22
2021-02-25,3,4,0,1,1,22
2021-02-24,3,5,0,2,3,22
2021-02-23,2,1,3,3,3,23
2021-02-22,0,3,5,3,4,23
2021-02-21,0,8,0,3,4,23
2021-02-20,1,7,0,3,4,23
2021-02-19,1,5,0,3,4,23
2021-02-18,0,5,3,1,4,23
2021-02-17,1,1,4,1,3,23
2021-02-16,0,0,5,1,3,23
2021-02-15,0,0,5,1,3,23
2021-02-14,0,4,1,1,3,23
2021-02-13,0,5,0,1,3,23
2021-02-12,0,6,0,1,5,21
2021-02-11,4,2,0,3,6,22
2021-02-10,4,1,4,3,6,22
2021-02-09,2,3,6,5,5,22
2021-02-08,0,6,5,6,4,22
2021-02-07,0,7,4,6,4,22
2021-02-06,2,9,0,6,4,22
2021-02-05,1,7,0,6,5,22
2021-02-04,1,7,3,3,7,20
2021-02-03,2,3,4,3,6,20
2021-02-02,3,1,5,2,6,20
2021-02-01,0,1,8,1,7,20
2021-01-31,0,6,3,1,7,20
2021-01-30,0,7,2,1,7,20
2021-01-29,1,7,1,1,7,20
2021-01-28,2,5,0,1,7,20
2021-01-27,1,7,1,4,3,20
2021-01-26,3,4,1,5,2,20
2021-01-25,0,2,3,5,2,21
2021-01-24,0,4,1,5,2,21
2021-01-23,1,4,0,5,2,21
2021-01-22,1,3,0,5,3,20
2021-01-21,3,1,0,5,3,20
2021-01-20,3,1,6,1,4,20
2021-01-19,0,1,9,3,2,20
2021-01-18,0,4,7,2,2,20
2021-01-17,0,5,6,2,2,20
2021-01-16,1,8,2,2,6,16
2021-01-15,2,8,1,2,6,16
2021-01-14,0,10,0,2,7,17
2021-01-13,9,4,0,2,7,17
2021-01-12,1,7,4,1,9,19
2021-01-10,0,2,6,4,9,20
2021-01-09,0,1,6,4,9,20
2021-01-08,0,6,1,4,9,20
2021-01-07,0,7,1,3,10,19
2021-01-06,0,8,2,4,8,19
2021-01-05,0,3,3,8,5,19
2021-01-04,0,1,7,6,6,20
2021-01-03,0,2,6,6,6,20
2021-01-02,1,3,4,6,6,20
2021-01-01,0,5,3,6,6,20
2020-12-31,1,6,0,11,3,19
2020-12-30,0,7,3,9,2,19
2020-12-29,1,5,9,5,2,19
2020-12-28,0,0,11,6,2,21
2020-12-27,0,1,10,6,2,21
2020-12-26,0,5,6,6,2,21
2020-12-25,0,11,0,6,2,21
2020-12-24,0,11,4,2,2,21
2020-12-23,3,8,6,0,2,21
2020-12-22,4,0,9,2,2,21
2020-12-21,0,1,15,2,5,19
2020-12-20,0,11,5,2,7,17
2020-12-19,0,15,1,2,7,17
2020-12-18,1,14,1,3,6,17
2020-12-17,4,12,1,3,6,17
2020-12-16,3,6,1,5,6,16
2020-12-15,2,7,5,5,6,16
2020-12-14,6,2,9,4,6,16
2020-12-13,1,10,5,5,6,16
2020-12-12,0,13,4,4,7,15
2020-12-11,4,13,3,3,7,15
2020-12-10,8,11,3,2,8,15
2020-12-09,10,11,4,1,8,15
2020-12-08,14,11,5,1,7,15
2020-12-07,0,14,12,3,8,16
2020-12-06,0,18,7,3,8,16
2020-12-05,3,20,3,5,6,16
2020-12-04,4,15,1,7,4,16
2020-12-03,2,17,1,6,5,16
2020-12-02,8,7,1,7,5,16
2020-12-01,7,4,4,10,4,16
2020-11-30,0,2,9,12,2,16
2020-11-29,0,6,5,12,2,16
2020-11-28,0,7,6,10,2,16
2020-11-27,0,11,7,5,2,16
2020-11-26,5,6,8,5,1,16
2020-11-25,2,9,10,4,1,16
2020-11-24,5,7,9,4,0,16
2020-11-23,2,13,6,2,1,16
2020-11-22,0,15,4,2,2,15
2020-11-21,6,10,3,2,2,15
2020-11-20,6,7,4,4,2,17
2020-11-19,5,12,2,2,2,17
2020-11-18,3,12,4,1,3,17
2020-11-17,4,10,5,0,4,17
2020-11-16,0,10,8,2,3,18
2020-11-15,0,13,4,2,3,18
2020-11-14,0,14,3,2,3,18
2020-11-13,3,11,2,3,2,18
2020-11-12,5,7,3,3,3,18
2020-11-11,3,7,3,3,6,15
2020-11-10,1,5,2,4,7,16
2020-11-09,0,4,5,2,8,16
2020-11-08,0,6,3,2,10,14
2020-11-07,3,4,3,2,10,14
2020-11-06,2,3,5,2,9,14
2020-11-05,0,5,2,2,12,14
2020-11-04,0,7,3,3,11,14
2020-11-03,1,5,3,4,10,14
2020-11-02,0,5,2,4,9,14
2020-11-01,0,5,2,4,11,12
2020-10-31,0,5,2,4,12,11
2020-10-30,0,3,3,3,13,11
2020-10-29,1,4,1,4,13,10
2020-10-28,0,4,2,6,12,8
2020-10-27,1,2,4,6,11,9
2020-10-26,0,2,6,8,8,9
2020-10-25,0,2,6,8,8,9
2020-10-24,1,4,3,8,8,9
2020-10-23,2,6,1,10,6,9
2020-10-22,1,7,1,10,6,9
2020-10-21,1,6,4,9,8,7
2020-10-20,0,6,6,7,8,7
2020-10-19,0,2,11,4,9,7
2020-10-18,0,3,10,4,9,7
2020-10-17,0,6,7,4,9,7
2020-10-16,1,7,8,3,7,7
2020-10-15,1,11,5,3,6,7
2020-10-14,0,12,5,3,6,7
2020-10-13,2,11,4,4,5,7
2020-10-12,0,9,2,8,5,12
2020-10-11,0,9,1,8,5,12
2020-10-10,2,7,1,8,5,12
2020-10-09,1,8,2,6,5,12
2020-10-08,4,7,3,5,6,11
2020-10-07,0,8,4,4,7,11
2020-10-06,1,6,8,4,6,11
2020-10-05,0,6,10,4,3,12
2020-10-04,0,7,9,4,3,12
2020-10-03,0,9,8,4,4,11
2020-10-02,1,14,4,6,6,8
2020-10-01,1,16,0,7,7,7
2020-09-30,1,16,0,7,8,7
2020-09-29,2,11,5,7,9,7
2020-09-28,0,2,15,4,9,10
2020-09-27,0,5,13,4,9,10
2020-09-26,1,7,10,5,8,10
2020-09-25,0,12,8,3,8,10
2020-09-24,0,17,4,2,8,11
2020-09-23,0,16,4,2,9,11
2020-09-22,0,12,4,3,8,12
2020-09-21,1,10,5,3,10,14
2020-09-20,0,14,2,3,11,13
2020-09-19,3,11,2,2,11,13
2020-09-18,4,7,3,1,11,13
2020-09-17,3,10,2,3,11,13
2020-09-16,1,9,2,10,4,13
2020-09-15,0,10,2,11,2,14
2020-09-14,1,16,1,12,2,15
2020-09-13,2,15,1,12,2,15
2020-09-12,0,14,2,12,3,15
2020-09-11,1,12,0,12,3,15
2020-09-10,1,8,2,10,4,14
2020-09-09,1,7,11,3,4,14
2020-09-08,0,1,18,3,4,14
2020-09-07,0,2,18,2,4,14
2020-09-06,0,5,14,2,4,14
2020-09-05,0,15,4,2,4,14
2020-09-04,0,18,1,3,4,13
2020-09-03,4,17,0,3,4,13
2020-09-02,2,8,5,1,5,25
2020-09-01,3,4,7,2,4,25
2020-08-31,0,8,5,4,3,25
2020-08-30,0,7,3,4,5,24
2020-08-29,0,10,0,4,5,24
2020-08-28,5,8,1,3,5,24
2020-08-27,3,8,3,2,6,25
2020-08-26,0,5,5,3,7,26
2020-08-25,1,6,10,4,5,26
2020-08-24,0,11,7,4,3,26
2020-08-23,0,14,4,4,3,26
2020-08-22,2,11,4,4,3,26
2020-08-21,2,9,3,4,4,25
2020-08-20,1,11,0,4,4,25
2020-08-19,1,12,0,5,3,25
2020-08-18,0,10,5,4,4,25
2020-08-17,0,4,10,5,3,26
2020-08-16,0,6,8,5,4,25
2020-08-15,1,4,8,5,4,25
2020-08-14,3,7,4,5,4,24
2020-08-13,2,14,1,5,6,23
2020-08-12,1,12,4,4,6,23
2020-08-11,1,10,6,3,6,24
2020-08-10,0,7,8,2,7,24
2020-08-09,0,10,5,2,7,24
2020-08-08,0,11,3,2,7,24
2020-08-07,1,11,4,1,7,24
2020-08-06,1,17,2,1,6,25
2020-08-05,3,15,3,2,7,24
2020-08-04,2,11,4,3,6,24
2020-08-03,0,8,4,5,6,27
2020-08-02,0,9,3,5,6,27
2020-08-01,1,10,1,5,6,27
2020-07-31,2,8,1,5,5,27
2020-07-30,8,7,2,5,6,27
2020-07-29,3,6,4,6,4,27
2020-07-28,1,7,5,6,3,27
2020-07-27,0,6,10,4,3,27
2020-07-26,0,11,5,4,3,27
2020-07-25,0,13,3,4,3,27
2020-07-24,1,12,3,3,3,27
2020-07-23,3,13,1,3,3,27
2020-07-22,2,14,3,1,3,27
2020-07-21,1,6,7,1,3,27
2020-07-20,0,11,5,6,1,28
2020-07-19,0,12,5,5,1,28
2020-07-18,1,13,3,5,1,28
2020-07-17,2,11,2,6,3,27
2020-07-16,0,12,2,6,3,27
2020-07-15,5,8,2,5,4,27
2020-07-14,2,6,4,5,4,27
2020-07-13,0,7,10,1,4,27
2020-07-12,0,7,10,1,4,27
2020-07-11,1,8,7,2,3,27
2020-07-10,1,14,5,2,3,27
2020-07-09,1,16,0,4,4,26
2020-07-08,3,12,1,5,4,27
2020-07-07,1,12,6,6,2,27
2020-07-06,0,0,15,7,4,29
2020-07-05,0,3,12,7,4,29
2020-07-04,0,9,7,6,4,29
2020-07-03,0,12,4,6,4,29
2020-07-02,1,14,1,6,5,28
2020-07-01,6,7,3,7,2,28
2020-06-30,0,13,9,3,2,28
2020-06-29,0,10,12,3,2,28
2020-06-28,0,12,9,3,2,28
2020-06-27,0,15,5,3,3,28
2020-06-26,2,19,0,4,3,28
2020-06-25,5,16,1,3,3,28
2020-06-24,6,9,4,0,3,28
2020-06-23,2,6,9,2,4,28
2020-06-22,0,11,9,2,3,28
2020-06-21,0,14,6,2,3,28
2020-06-20,1,16,2,2,3,28
2020-06-19,2,18,1,2,4,27
2020-06-18,1,15,0,2,4,27
2020-06-17,7,6,1,3,4,28
2020-06-16,4,5,9,5,5,28
2020-06-15,0,8,7,3,6,28
2020-06-14,0,8,6,3,7,27
2020-06-13,0,10,4,4,6,27
2020-06-12,2,7,4,5,5,27
2020-06-11,3,7,5,4,4,27
2020-06-10,2,4,5,5,5,26
2020-06-09,2,2,6,5,4,26
2020-06-08,0,2,8,6,5,26
2020-06-07,0,8,2,6,5,26
2020-06-06,0,9,2,5,5,26
2020-06-05,0,10,2,4,5,26
2020-06-04,3,6,6,2,5,26
2020-06-03,1,4,9,3,6,25
2020-06-02,1,4,9,3,6,24
2020-06-01,0,9,7,2,6,24
2020-05-31,0,13,3,2,6,24
2020-05-30,4,10,2,2,6,24
2020-05-29,2,8,1,3,5,24
2020-05-28,1,9,2,5,7,23
2020-05-27,1,5,7,4,7,23
2020-05-26,0,1,12,3,8,23
2020-05-25,0,4,9,6,5,23
2020-05-24,0,9,4,6,7,21
2020-05-23,0,11,2,6,7,21
2020-05-22,3,9,3,3,7,21
2020-05-21,0,7,4,4,7,21
2020-05-20,3,3,5,4,7,21
2020-05-19,1,2,8,5,7,21
2020-05-18,1,10,4,5,4,21
2020-05-17,0,10,3,6,3,21
2020-05-16,0,9,3,6,5,20
2020-05-15,2,5,4,6,6,19
2020-05-14,3,4,1,7,6,19
2020-05-13,4,8,2,6,6,19
2020-05-12,2,6,4,7,5,19
2020-05-11,0,10,9,2,6,18
2020-05-10,0,12,8,1,6,18
2020-05-09,0,13,7,1,7,17
2020-05-08,4,11,6,3,5,17
2020-05-07,3,17,1,3,5,17
2020-05-06,2,15,0,3,5,17
2020-05-05,2,14,4,2,5,17
2020-05-04,0,10,10,3,6,18
2020-05-03,0,12,6,3,6,18
2020-05-02,0,13,4,3,7,18
2020-05-01,2,12,4,1,7,19
2020-04-30,2,12,2,3,7,18
2020-04-29,4,12,4,4,5,18
2020-04-28,3,10,3,4,6,19
2020-04-27,0,13,2,4,6,20
2020-04-26,1,12,2,4,6,20
2020-04-25,5,7,1,6,4,20
2020-04-24,2,5,1,8,4,20
2020-04-23,2,8,3,8,3,19
2020-04-22,3,11,5,8,4,18
2020-04-21,3,7,10,6,4,18
2020-04-20,0,10,10,5,4,18
2020-04-19,0,13,5,5,4,18
2020-04-18,1,13,6,3,4,18
2020-04-17,2,11,6,3,4,18
2020-04-16,3,12,4,1,6,18
2020-04-15,1,12,5,1,6,18
2020-04-14,0,11,5,3,5,19
2020-04-13,0,8,10,2,5,20
2020-04-12,0,12,6,2,5,20
2020-04-11,0,16,1,3,5,20
2020-04-10,1,13,1,3,5,20
2020-04-09,2,14,1,4,6,19
2020-04-08,0,11,3,5,8,19
2020-04-07,0,8,6,4,7,19
2020-04-06,0,4,10,7,5,19
2020-04-05,0,9,5,7,5,19
2020-04-04,0,9,5,7,5,19
2020-04-03,0,9,3,8,4,19
2020-04-02,0,9,1,8,4,20
2020-04-01,0,9,1,8,4,20
2020-03-31,0,6,4,7,3,20
2020-03-30,0,7,9,4,4,20
2020-03-29,0,8,8,4,4,20
2020-03-28,2,5,7,4,5,19
2020-03-27,1,7,6,3,5,19
2020-03-26,1,11,1,4,4,19
2020-03-25,1,9,4,4,3,19
2020-03-24,1,8,6,5,1,19
2020-03-23,0,4,7,8,1,19
2020-03-22,0,5,6,8,1,19
2020-03-21,0,8,3,8,1,19
2020-03-20,1,8,2,7,1,19
2020-03-19,1,11,3,5,1,19
2020-03-18,1,7,6,4,3,17
2020-03-17,0,5,12,0,4,18
2020-03-16,0,7,7,0,4,18
2020-03-15,0,9,5,0,5,17
2020-03-14,0,11,4,0,5,17
2020-03-13,3,9,0,1,5,18
2020-03-12,0,8,1,4,5,17
2020-03-11,0,8,1,4,5,17
2020-03-10,2,3,3,4,4,18
2020-03-09,0,3,6,4,4,18
2020-03-08,0,5,4,4,4,18
2020-03-07,3,5,1,4,4,18
2020-03-06,0,9,0,4,4,18
2020-03-05,2,7,3,1,4,18
2020-03-04,3,5,3,1,4,19
2020-03-03,1,3,7,0,4,19
2020-03-02,0,6,6,2,2,19
2020-03-01,0,10,2,2,2,19
2020-02-29,0,9,2,3,2,19
2020-02-28,3,10,2,3,3,19
2020-02-27,3,9,2,4,8,14
2020-02-26,2,8,3,4,10,13
2020-02-25,3,4,4,5,11,13
2020-02-24,0,12,4,4,11,13
2020-02-23,1,11,4,4,11,13
2020-02-22,3,9,4,3,11,13
2020-02-21,3,4,6,5,9,14
2020-02-20,1,9,4,5,10,14
2020-02-19,2,11,5,4,10,14
2020-02-18,1,11,7,3,10,14
2020-02-17,0,11,9,2,10,14
2020-02-16,0,14,6,2,10,14
2020-02-15,4,10,4,2,11,14
2020-02-14,1,10,4,1,14,13
2020-02-13,1,9,7,0,14,13
2020-02-12,0,10,3,1,13,13
2020-02-11,0,9,5,6,8,13
2020-02-10,0,11,3,10,4,13
2020-02-09,0,10,0,10,4,13
2020-02-08,0,10,0,10,4,13
2020-02-07,4,6,0,11,5,12
2020-02-06,1,7,0,11,5,12
2020-02-05,1,3,3,11,6,12
2020-02-04,0,3,9,7,5,12
2020-02-03,0,4,14,1,5,12
2020-02-02,0,3,15,1,5,12
2020-02-01,2,4,12,1,5,12
2020-01-31,1,12,7,1,5,12
2020-01-30,0,20,0,1,5,12
2020-01-29,1,18,0,4,2,12
2020-01-28,4,18,1,3,2,12
2020-01-27,0,4,5,6,4,27
2020-01-26,0,8,2,6,6,25
2020-01-25,3,5,2,6,6,26
2020-01-24,0,12,0,6,6,26
2020-01-23,4,5,0,6,6,27
2020-01-22,3,3,4,4,9,25
2020-01-21,0,0,7,3,9,27
2020-01-20,0,0,9,4,6,27
2020-01-19,0,1,8,4,6,27
2020-01-18,0,6,3,4,6,27
2020-01-17,0,7,2,5,5,27
2020-01-16,2,8,0,6,5,26
2020-01-15,2,8,2,6,6,25
2020-01-14,1,7,3,9,8,29
2020-01-13,0,7,9,5,8,30
2020-01-12,0,8,8,5,8,30
2020-01-11,1,8,6,4,11,27
2020-01-10,3,6,6,5,10,27
2020-01-09,1,14,5,3,11,27
2020-01-08,3,8,5,4,11,27
2020-01-07,3,7,5,3,11,27
2020-01-06,0,5,6,7,13,26
2020-01-05,0,8,3,7,13,26
2020-01-04,1,7,3,8,12,26
2020-01-03,0,6,4,6,12,26
2020-01-02,0,7,3,8,12,26
2020-01-01,0,5,3,10,10,26
2019-12-31,4,2,3,12,9,26
2019-12-30,0,8,6,7,9,25
2019-12-29,0,8,6,7,9,25
2019-12-28,1,6,7,6,9,25
2019-12-27,0,1,8,5,11,25
2019-12-26,0,7,2,13,3,26
2019-12-25,0,6,5,10,3,26
2019-12-24,0,7,5,9,3,26
2019-12-23,0,7,6,9,3,26
2019-12-22,0,6,6,9,3,26
2019-12-21,1,10,2,10,3,25
2019-12-20,1,10,2,9,3,25
2019-12-19,1,10,9,1,3,25
2019-12-18,0,7,10,4,3,25
2019-12-17,2,3,12,4,4,25
2019-12-16,0,3,12,3,4,25
2019-12-15,0,13,3,2,4,25
2019-12-14,1,14,3,2,4,24
2019-12-13,0,14,3,2,4,25
2019-12-12,4,6,3,2,4,28
2019-12-11,1,5,3,2,7,30
2019-12-10,0,6,2,2,12,25
2019-12-09,0,4,2,2,13,25
2019-12-08,0,5,1,3,12,25
2019-12-07,1,6,1,2,13,24
2019-12-06,1,3,1,4,15,22
2019-12-05,0,3,2,5,15,21
2019-12-04,1,2,4,7,15,21
2019-12-03,0,2,5,7,15,21
2019-12-02,0,2,6,8,14,21
2019-12-01,0,3,6,7,14,21
2019-11-30,0,4,4,7,14,21
2019-11-29,0,6,3,6,16,19
2019-11-28,0,6,5,5,15,19
2019-11-27,0,5,7,4,14,20
2019-11-26,0,5,8,4,13,20
2019-11-25,0,4,9,4,13,20
2019-11-24,0,6,5,9,9,19
2019-11-23,1,9,2,10,9,18
2019-11-22,0,10,1,10,9,18
2019-11-21,0,9,1,10,10,17
2019-11-20,1,10,2,12,8,18
2019-11-19,1,4,6,13,6,19
2019-11-18,0,0,8,13,6,19
2019-11-17,0,3,10,8,6,19
2019-11-16,0,5,10,7,7,18
2019-11-15,0,7,8,6,7,18
2019-11-14,0,7,9,5,8,17
2019-11-13,0,10,8,5,9,15
2019-11-12,0,11,8,3,9,15
2019-11-11,0,14,6,2,9,15
2019-11-10,3,10,6,3,12,13
2019-11-09,0,14,5,4,11,13
2019-11-08,0,17,3,5,10,13
2019-11-07,0,16,2,5,10,12
2019-11-06,3,8,4,3,12,13
2019-11-05,1,7,5,6,9,13
2019-11-04,0,5,8,7,9,13
2019-11-03,0,9,3,7,10,12
2019-11-02,0,11,2,5,10,12
2019-11-01,2,8,3,5,9,12
2019-10-31,2,5,4,5,10,11
2019-10-30,1,4,4,6,10,12
2019-10-29,0,8,5,5,8,12
2019-10-28,0,7,4,7,7,11
2019-10-27,0,8,3,7,7,11
2019-10-26,0,10,3,7,8,11
2019-10-25,0,13,1,12,5,11
2019-10-24,0,14,3,10,5,11
2019-10-23,0,12,4,9,7,9
2019-10-22,1,5,13,9,6,9
2019-10-21,0,3,15,7,6,9
2019-10-20,0,9,9,7,6,9
2019-10-19,0,12,8,5,6,9
2019-10-18,0,15,9,3,4,9
2019-10-17,0,14,7,3,5,9
2019-10-16,0,13,7,3,5,9
2019-10-15,2,7,14,3,5,9
2019-10-14,0,21,2,3,5,9
2019-10-13,0,22,2,3,5,9
2019-10-12,1,20,1,4,4,9
2019-10-11,0,12,5,5,9,10
2019-10-10,0,14,3,5,9,10
2019-10-09,0,13,4,5,9,10
2019-10-08,1,12,6,7,8,10
2019-10-07,0,13,3,14,2,10
2019-10-06,0,14,3,13,2,10
2019-10-05,0,13,3,12,2,10
2019-10-04,0,8,4,11,2,12
2019-10-03,0,6,4,11,3,11
2019-10-02,3,5,5,10,2,11
2019-10-01,0,8,6,9,3,11
2019-09-30,0,8,11,3,3,11
2019-09-29,0,8,11,3,4,10
2019-09-28,1,8,8,3,5,10
2019-09-27,0,15,9,1,6,9
2019-09-26,0,21,2,2,5,9
2019-09-25,0,19,4,3,5,8
2019-09-24,0,17,5,2,6,8
2019-09-23,0,7,10,2,7,11
2019-09-22,0,11,6,2,7,11
2019-09-21,0,12,4,2,7,11
2019-09-20,0,10,2,4,6,12
2019-09-19,5,7,1,3,6,12
2019-09-18,7,4,2,2,6,12
2019-09-17,6,3,4,3,6,13
2019-09-16,7,2,4,3,6,14
2019-09-15,1,10,1,4,8,13
2019-09-14,3,9,1,3,9,12
2019-09-13,7,4,2,3,8,12
2019-09-12,5,3,2,4,9,11
2019-09-11,3,2,2,6,8,12
2019-09-10,1,3,3,4,8,12
2019-09-09,2,2,2,5,7,12
2019-09-08,0,5,2,6,6,12
2019-09-07,1,4,2,6,6,12
2019-09-06,4,3,1,5,6,12
2019-09-05,1,3,3,5,6,11
2019-09-04,4,2,5,3,6,11
2019-09-03,3,2,5,3,6,11
2019-09-02,0,7,4,3,6,11
2019-09-01,0,8,4,2,6,11
2019-08-31,3,7,2,2,6,11
2019-08-30,7,4,3,3,4,11
2019-08-29,4,5,4,3,6,9
2019-08-28,5,2,4,3,6,10
2019-08-27,2,3,3,5,5,10
2019-08-26,3,4,4,6,4,10
2019-08-25,1,7,2,6,4,10
2019-08-24,3,5,1,7,5,9
2019-08-23,4,6,3,5,6,8
2019-08-22,5,4,3,4,7,7
2019-08-21,7,3,4,3,7,7
2019-08-20,4,2,7,3,5,7
2019-08-19,5,3,7,2,6,6
2019-08-18,0,8,5,3,6,6
2019-08-17,2,7,4,3,7,5
2019-08-16,5,6,2,2,7,5
2019-08-15,7,6,1,2,8,5
2019-08-14,9,5,1,3,8,5
2019-08-13,6,2,3,5,8,5
2019-08-12,7,3,3,6,8,5
2019-08-11,0,9,3,6,9,5
2019-08-10,2,7,3,6,9,5
2019-08-09,8,4,0,6,9,5
2019-08-08,4,3,1,10,6,4
2019-08-07,2,4,4,9,5,5
2019-08-06,5,1,7,8,3,5
2019-08-05,5,0,8,9,3,5
2019-08-04,0,5,7,10,3,5
2019-08-03,0,9,3,11,3,4
2019-08-02,1,11,0,11,3,4
2019-08-01,4,7,6,6,2,4
2019-07-31,7,4,8,4,2,4
2019-07-30,11,1,10,2,2,4
2019-07-29,3,5,14,2,2,4
2019-07-28,1,17,4,2,2,4
2019-07-27,0,19,3,2,3,3
2019-07-26,7,14,1,2,3,3
2019-07-25,15,4,3,0,5,3
2019-07-24,8,6,3,5,4,5
2019-07-22,6,9,4,4,3,5
2019-07-21,5,11,2,4,4,5
2019-07-20,9,8,2,4,4,5
2019-07-19,9,8,0,6,5,11
2019-07-18,13,3,1,6,4,11
2019-07-17,8,3,5,2,4,11
2019-07-16,6,4,7,1,4,11
2019-07-15,7,1,7,2,4,11
2019-07-14,0,11,6,2,4,11
2019-07-13,6,9,2,2,4,11
2019-07-12,9,7,0,2,4,11
2019-07-11,5,7,1,4,5,8
2019-07-10,8,3,1,5,6,7
2019-07-09,5,1,1,10,6,7
2019-07-08,4,0,4,11,5,7
2019-07-07,1,1,6,13,5,7
2019-07-06,0,3,5,13,5,7
2019-07-05,1,5,5,11,4,7
2019-07-04,2,6,9,5,5,6
2019-07-03,2,5,12,2,5,7
2019-07-02,4,2,12,2,6,7
2019-07-01,4,3,10,1,7,7
2019-06-30,1,13,4,1,8,8
2019-06-29,1,15,1,1,8,8
2019-06-28,7,10,2,0,9,7
2019-06-27,8,6,1,1,10,6
2019-06-26,8,5,2,1,10,6
2019-06-25,11,1,3,5,7,6
2019-06-24,9,2,3,9,9,4
2019-06-23,1,4,4,10,9,4
2019-06-22,0,6,3,10,9,4
2019-06-21,4,4,1,10,9,4
2019-06-20,4,4,3,9,8,3
2019-06-19,4,5,6,7,7,3
2019-06-18,7,2,9,5,7,2
2019-06-17,6,2,12,5,6,2
2019-06-16,2,8,9,5,6,2
2019-06-15,2,10,6,5,6,2
2019-06-14,3,12,3,5,6,2
2019-06-13,6,12,2,3,6,2
2019-06-12,9,8,3,3,5,2
2019-06-11,10,7,6,4,5,2
2019-06-10,12,5,8,4,5,2
2019-06-09,3,10,6,4,5,2
2019-06-08,1,11,4,6,3,2
2019-06-07,7,7,4,4,3,2
2019-06-06,10,8,3,5,3,1
2019-06-05,8,5,6,5,3,1
2019-06-04,6,4,11,6,2,1
2019-06-03,10,5,9,6,2,1
2019-06-02,2,13,8,7,1,1
2019-06-01,3,14,8,4,1,1
2019-05-31,9,11,4,4,2,1
2019-05-30,9,9,4,4,2,1
2019-05-29,10,9,4,4,2,1
2019-05-28,11,9,4,2,2,2
2019-05-27,5,12,6,2,3,2
2019-05-26,1,17,5,1,3,2
2019-05-25,14,3,5,1,3,2
2019-05-24,6,11,7,1,3,3
2019-05-23,8,12,5,1,3,3
2019-05-22,8,12,5,1,4,4
2019-05-21,14,6,5,2,4,4
2019-05-20,11,8,1,4,5,4
2019-05-19,1,16,2,5,8,6
2019-05-18,4,13,1,6,7,6
2019-05-17,11,9,0,6,8,5
2019-05-16,11,5,1,10,7,5
2019-05-15,8,4,4,10,6,5
2019-05-14,5,3,7,8,4,5
2019-05-13,2,3,8,8,5,5
2019-05-12,0,4,9,7,6,4
2019-05-11,2,3,9,6,6,4
2019-05-10,3,5,5,7,5,4
2019-05-09,1,10,5,6,3,4
2019-05-08,1,9,5,5,3,4
2019-05-07,6,5,6,3,3,4
2019-05-06,10,2,7,3,3,4
2019-05-05,7,13,4,3,3,4
2019-05-04,10,7,3,4,2,4
2019-05-03,9,8,1,3,2,4
2019-05-02,14,9,3,1,3,3
2019-05-01,9,7,5,2,4,1
2019-04-30,11,3,5,3,4,1
2019-04-29,13,6,3,2,4,1
2019-04-28,1,20,3,2,4,1
2019-04-27,7,14,3,1,4,1
2019-04-26,11,8,3,2,3,1
2019-04-25,16,8,2,2,3,1
2019-04-24,14,9,4,2,3,1
2019-04-23,15,7,3,3,3,1
2019-04-22,14,3,3,4,3,1
2019-04-21,2,11,5,4,3,1
2019-04-20,4,14,1,4,3,1
2019-04-19,10,10,2,2,3,1
2019-04-18,12,6,3,1,3,1
2019-04-17,13,4,3,1,5,2
2019-04-16,16,0,5,2,4,2
2019-04-15,8,4,2,6,2,2
2019-04-14,1,10,1,7,2,2
2019-04-13,6,5,1,7,2,2
2019-04-12,10,4,0,7,2,2
2019-04-11,12,2,3,4,2,2
2019-04-10,9,2,3,4,2,2
2019-04-09,7,0,6,4,1,4
2019-04-08,5,2,7,3,2,6
2019-04-07,2,8,5,3,3,6
2019-04-06,2,6,5,3,4,5
2019-04-05,3,6,5,1,4,5
2019-04-04,7,6,2,2,3,8
2019-04-03,5,9,2,5,2,8
2019-04-02,8,3,4,3,2,9
2019-04-01,8,4,2,3,2,9
2019-03-31,1,8,2,6,2,9
2019-03-30,1,8,2,6,2,9
2019-03-29,7,4,0,6,2,9
2019-03-28,5,6,5,4,2,9
2019-03-27,4,6,7,1,2,9
2019-03-26,9,1,7,1,2,9
2019-03-25,2,3,10,0,2,9
2019-03-24,2,9,5,1,2,9
2019-03-23,1,12,2,2,2,9
2019-03-22,2,10,2,3,1,9
2019-03-21,9,5,0,4,0,9
2019-03-20,7,3,2,6,1,8
2019-03-19,4,7,6,3,1,8
2019-03-18,8,1,6,3,1,8
2019-03-17,2,5,7,3,2,8
2019-03-16,0,8,5,3,2,8
2019-03-15,2,11,2,1,2,8
2019-03-14,7,7,3,0,2,8
2019-03-13,3,8,3,0,2,8
2019-03-12,10,1,3,1,1,8
2019-03-11,3,4,3,2,2,8
2019-03-10,1,10,4,2,2,8
2019-03-09,3,12,0,2,2,8
2019-03-08,8,6,1,1,2,8
2019-03-07,1,6,2,2,3,9
2019-03-06,9,1,2,2,4,12
2019-03-05,7,1,6,1,4,12
2019-03-04,6,7,6,2,3,12
2019-03-03,4,9,4,2,5,10
2019-03-02,6,7,3,2,6,10
2019-03-01,9,9,1,1,8,8
2019-02-28,7,13,1,1,9,7
2019-02-27,13,4,2,2,8,8
2019-02-26,6,1,4,4,10,9
2019-02-25,8,2,5,4,9,9
2019-02-24,2,11,3,6,8,9
2019-02-23,1,13,1,7,7,9
2019-02-22,6,8,1,8,7,8
2019-02-21,8,3,1,8,7,8
2019-02-20,9,2,6,4,7,8
2019-02-19,3,7,5,4,7,8
2019-02-18,3,5,7,4,6,8
2019-02-17,2,8,6,3,7,7
2019-02-16,4,9,3,2,7,7
2019-02-15,2,10,4,3,6,6
2019-02-14,7,7,3,3,6,6
2019-02-13,9,6,2,5,5,7
2019-02-12,6,7,2,6,4,7
2019-02-11,9,4,2,5,4,7
2019-02-10,4,6,3,5,5,7
2019-02-09,5,5,3,5,6,6
2019-02-08,5,3,4,3,7,5
2019-02-07,6,4,2,4,8,5
2019-02-06,3,3,6,4,6,5
2019-02-05,2,2,8,3,6,5
2019-02-04,3,2,8,2,6,5
2019-02-03,1,9,6,3,6,5
2019-02-02,2,12,2,3,6,5
2019-02-01,6,9,1,5,4,5
2019-01-31,6,7,1,5,4,5
2019-01-30,7,4,3,4,3,5
2019-01-29,5,3,4,4,5,19
2019-01-28,6,1,5,8,3,19
2019-01-27,0,6,6,9,3,19
2019-01-26,0,10,4,7,3,19
2019-01-25,3,9,4,6,2,19
2019-01-24,4,8,4,7,1,19
2019-01-23,7,3,6,8,1,19
2019-01-22,5,4,6,8,0,20
2019-01-21,3,11,7,4,0,20
2019-01-20,4,8,8,5,1,19
2019-01-19,7,5,8,5,2,18
2019-01-18,8,5,7,3,3,17
2019-01-17,6,9,3,3,4,17
2019-01-16,8,9,5,2,4,17
2019-01-15,3,6,10,0,4,18
2019-01-14,9,3,8,1,5,18
2019-01-13,1,8,7,1,6,21
2019-01-12,1,10,4,1,6,21
2019-01-11,5,11,0,1,7,20
2019-01-10,11,8,2,0,8,19
2019-01-09,9,8,3,0,11,16
2019-01-08,11,2,3,0,11,16
2019-01-07,4,5,4,0,16,17
2019-01-06,2,9,1,0,16,17
2019-01-05,1,11,0,0,16,17
2019-01-04,9,5,0,1,15,17
2019-01-03,5,3,3,4,13,18
2019-01-02,5,0,3,7,13,18
2019-01-01,1,1,5,13,10,17
